NumNotice	FRBNF	ARK	Autres métadonnées...
131336665				Portishead		1994	
131907115				The Horace Silver quintet			
134427696				La Ruda salska		1993	
151254613				Polygram Vidéo		1990	
156216108				Avel Reter			
160485770				Pink Martini		1994	
175374457	frbnf13932507x	http://catalogue.bnf.fr/ark:/12148/cb139325071		Steff Tej & éjectés		1988	
176134492				L'Autobus à vapeur		 19.	
178600245				Nouk's			
179990063	frbnf138875377	http://catalogue.bnf.fr/ark:/12148/cb138875371		CBS disques SA			1991
181738546	frbnf139764903	http://catalogue.bnf.fr/ark:/12148/cb13976490x	000000008189849X	Piron's New Orleans orchestra		1923	1925
183725298	frbnf138845117			Verve records		1956	
183862961	frbnf139242823	http://catalogue.bnf.fr/ark:/12148/cb139242827		Saatchi & Saatchi			
184873517				Frémeaux & Associés			
184873916				The Monroe Brothers			
184873932				Two Poor Boys			
184873940				The McGee Brothers			
187173141	frbnf167180866	http://catalogue.bnf.fr/ark:/12148/cb16718086w		Celtic sailors		2004	
188607935	frbnf169669667			Bagad Spered an Avel de Plouha		2004	
190109068	frbnf169790188	http://catalogue.bnf.fr/ark:/12148/cb169790187		The Limiñanas		2009	
19133748X	frbnf169906689			Stand high patrol			
191500828	frbnf142616640	http://catalogue.bnf.fr/ark:/12148/cb14261664f		Taillevent		1990	
193749343				Mormon Tabernacle Choir		19..	
194425738	frbnf15509381x	http://catalogue.bnf.fr/ark:/12148/cb15509381j		Los Chicros		200.	
194680274	frbnf138790119	http://catalogue.bnf.fr/ark:/12148/cb138790117		BMG Music			
196811384				Clarence Williams blue five		19..	
196862892				Johnny Dedroit and his New Orleans jazz orchestra		19..	
196862930				Lovie Austin and her blues serenaders		19..	
196862965				The wolverines		19..	
200542982	frbnf139068066	http://catalogue.bnf.fr/ark:/12148/cb13906806v	0000000122880692	Stuff Smith and His Onyx Club orchestra		193.	193.
200667254	frbnf138875509	http://catalogue.bnf.fr/ark:/12148/cb138875507		CBS (Etats-Unis)			
201039869	frbnf13887544			CBS (Europe)			
203057678	frbnf170259925	http://catalogue.bnf.fr/ark:/12148/cb17025992q		The Rebels of Tijuana		2008	
203814509	frbnf138876543	http://catalogue.bnf.fr/ark:/12148/cb13887654w	0000000121855153	Le Chant du monde		1938	
083488812	frbnf139048964			Matumbi		1971	
083489126	frbnf13906096x	http://catalogue.bnf.fr/ark:/12148/cb13906096f	0000000122900470	Red hot Chili peppers		1984	
084050055	frbnf139051017	http://catalogue.bnf.fr/ark:/12148/cb13905101z	0000000109410653	Motörhead		1975	
084121068	frbnf139023014	http://catalogue.bnf.fr/ark:/12148/cb13902301s	0000000115300733	The Carpenters		1970	
084271345	frbnf139042694			Joey Dee and the Starlighters		1961	
084271701	frbnf139022179	http://catalogue.bnf.fr/ark:/12148/cb13902217w	0000000106628665	Cab Calloway Orchestra		1928	1958
084287195	frbn005240768;frbn001877625;frbnf13901884x	http://catalogue.bnf.fr/ark:/12148/cb13901884f	0000000121707484	The Beatles		1960	1970
085187844	frbnf139219671	http://catalogue.bnf.fr/ark:/12148/cb13921967j		Los Incas		1956	
085189022	frbnf121587370;frbn005270964;frbnf139037081	http://catalogue.bnf.fr/ark:/12148/cb13903708j	0000000122598777	Gipsy kings		1986	
085237116	frbnf139258717	http://catalogue.bnf.fr/ark:/12148/cb13925871g		Charts		1985	1997
085237639	frbnf13905009x	http://catalogue.bnf.fr/ark:/12148/cb13905009f	0000000081897040	Mills Blue Rhythm Band		1930	1938
085237744	frbnf139019546	http://catalogue.bnf.fr/ark:/12148/cb13901954s		Louis Bertignac et les Visiteurs		1987	1991
085267112	frbnf139072125	http://catalogue.bnf.fr/ark:/12148/cb13907212c	0000000121498627	Ten years after		1968	1973
085649988	frbnf139074005	http://catalogue.bnf.fr/ark:/12148/cb13907400x	000000010680522X	The Washingtonians		1928	
085676608	frbnf14256000x	http://catalogue.bnf.fr/ark:/12148/cb14256000j		Marmalade		1966	1976
086021397	frbnf138864637	http://catalogue.bnf.fr/ark:/12148/cb138864632		Publicis conseil		19..	
086230093	frbnf139033923	http://catalogue.bnf.fr/ark:/12148/cb139033925	0000000121521145	Earth, wind & fire		1969	
086268244	frbnf139014734	http://catalogue.bnf.fr/ark:/12148/cb13901473p	0000000121739240	A caus' des garçons		1988	
086276824	frbnf139058321	http://catalogue.bnf.fr/ark:/12148/cb139058325	0000000110092584	The Platters		1953	1967
086912666	frbnf140101008	http://catalogue.bnf.fr/ark:/12148/cb140101006		Morgan heritage		1991	
086914006	frbnf139049596	http://catalogue.bnf.fr/ark:/12148/cb139049597	0000000121754328	Art Blakey and the Jazz messengers		1947	1998
086925512	frbnf139050538	http://catalogue.bnf.fr/ark:/12148/cb13905053x	000000011956623X	Modern jazz quartet		1952	
086925555	frbnf139052927	http://catalogue.bnf.fr/ark:/12148/cb13905292c	0000000119589618	Nick Cave and the Bad seeds		1984	
086925741	frbnf140102035	http://catalogue.bnf.fr/ark:/12148/cb14010203h		Elysian fields		1995	
08692592X	frbnf139023060			Casa Loma Orchestra		1928	
086925970	frbnf140718835	http://catalogue.bnf.fr/ark:/12148/cb140718834		DuOuD		200.	
086949551	frbnf139069104	http://catalogue.bnf.fr/ark:/12148/cb13906910c	0000000123698649	Talking heads		1974	1991
087451085	frbnf139040939	http://catalogue.bnf.fr/ark:/12148/cb13904093x	0000000109443391	Imagination		1981	1990
087876779	frbnf139460761	http://catalogue.bnf.fr/ark:/12148/cb13946076n		Chorale fédérale du scoutisme français		1944	1967
087884976	frbnf139268526	http://catalogue.bnf.fr/ark:/12148/cb13926852f		Claude Luter et son orchestre		1946	
087888734	frbnf139074553	http://catalogue.bnf.fr/ark:/12148/cb139074556	0000000117818157	Wham !		1981	1986
087888742	frbnf139071105	http://catalogue.bnf.fr/ark:/12148/cb13907110d		Toto		1978	
087930943	frbnf139679463	http://catalogue.bnf.fr/ark:/12148/cb13967946v		Billy ze kick et les gamins en folie		1994	
087930951	frbnf139052197	http://catalogue.bnf.fr/ark:/12148/cb139052199	0000000122601083	National philharmonic orchestra		196.	199.
087931974	frbnf146064246	http://catalogue.bnf.fr/ark:/12148/cb146064249	0000000106562985	The John Butler trio		200.	
087932423	frbnf139719915	http://catalogue.bnf.fr/ark:/12148/cb13971991f	0000000109414267	Weezer		1993	
087933438	frbnf139045391	http://catalogue.bnf.fr/ark:/12148/cb13904539h		Little Bob story		1974	
088518728	frbnf139024109	http://catalogue.bnf.fr/ark:/12148/cb139024101		Les Charlots		1966	
088522067	frbnf139072189	http://catalogue.bnf.fr/ark:/12148/cb13907218f		UB40		1978	
094535019	frbnf139041635	http://catalogue.bnf.fr/ark:/12148/cb139041638	0000000122592391	The Jackson Five		1966	1976
094538662	frbnf139015918	http://catalogue.bnf.fr/ark:/12148/cb13901591w	0000000109426524	Ambrosian opera chorus		1952	
106996592	frbnf139072584	http://catalogue.bnf.fr/ark:/12148/cb13907258p	0000000109438090	Utah symphony orchestra		1940	
113150407	frbnf139045594	http://catalogue.bnf.fr/ark:/12148/cb139045594	0000000110867896	London Sinfonietta		1968	
127390014	frbn014203516;frbnf13986296x	http://catalogue.bnf.fr/ark:/12148/cb13986296n		Balfa brothers orchestra		1967	
130691216	frbnf139748660	http://catalogue.bnf.fr/ark:/12148/cb13974866p	0000000115408971	Supergrass		1993	
130715166	frbnf139019838	http://catalogue.bnf.fr/ark:/12148/cb13901983c	0000000122958015	Bill Haley & his comets		1951	19..
131112473	frbnf140133924	http://catalogue.bnf.fr/ark:/12148/cb14013392z	0000000101928722	Bruce Springsteen and the E. Street band		1971	1992
131851896				Beach Boys			
136815022	frbnf139744014	http://catalogue.bnf.fr/ark:/12148/cb139744010		Night & Day			
138935777	frbnf139217275	http://catalogue.bnf.fr/ark:/12148/cb13921727r		Harmonia mundi France			
13991465X	frbnf13888061x	http://catalogue.bnf.fr/ark:/12148/cb13888061r	0000000121507167	Decca record company			
139914749	frbnf139217019	http://catalogue.bnf.fr/ark:/12148/cb139217012		Polygram-Division Barclay			
147054966				France	Académie;Conseillers pédagogiques en éducation musicale		
147083273	frbnf160991229	http://catalogue.bnf.fr/ark:/12148/cb16099122m		H5		1996	
156478722	frbnf139510381	http://catalogue.bnf.fr/ark:/12148/cb139510383	0000000107196278	John McLaughlin Trio		1989	1992
156479087	frbnf139442247	http://catalogue.bnf.fr/ark:/12148/cb13944224g	0000000119398440	New Orleans Rhythm Kings		1922	1925
15647915X	frbnf139439048	http://catalogue.bnf.fr/ark:/12148/cb13943904j	0000000106761183	The Rhythmakers		1932	1932
156479303	frbnf139046835	http://catalogue.bnf.fr/ark:/12148/cb139046838	000000011930992X	Louis Armstrong and his All stars		1947	1971
156479354	frbnf139055542	http://catalogue.bnf.fr/ark:/12148/cb13905554n	000000010296977X	Original Dixieland Jazz band		1916	1938
156479842	frbnf139823593	http://catalogue.bnf.fr/ark:/12148/cb13982359r	0000000110096286	Red Nichols and his Five Pennies		1927	1963
156510413	frbnf139069638	http://catalogue.bnf.fr/ark:/12148/cb13906963z		Teddy Hill Orchestra		1934	1940
156568020	frbnf139227401	http://catalogue.bnf.fr/ark:/12148/cb139227406		Michel Warlop et son orchestre		1934	1942
156620235	frbnf159258557	http://catalogue.bnf.fr/ark:/12148/cb15925855h		La Bouline		1996	
156620294	frbnf140013889	http://catalogue.bnf.fr/ark:/12148/cb140013881	0000000106714563	Elektra			
156625334	frbnf139457473	http://catalogue.bnf.fr/ark:/12148/cb13945747r		Louis Jordan and his Tympany Five		1939	196.
156657864	frbnf13903705x	http://catalogue.bnf.fr/ark:/12148/cb13903705h	0000000109398885	The Gil Evans orchestra		1960	198.
156835789	frbnf139523119	http://catalogue.bnf.fr/ark:/12148/cb139523114		Criss Cross Jazz			
156839156	frbnf139058061	http://catalogue.bnf.fr/ark:/12148/cb13905806m	0000000119419002	Pierre Dørge & New Jungle Orchestra		1980	
156839180	frbnf139043903	http://catalogue.bnf.fr/ark:/12148/cb13904390q		Khan Jamal quartet		1984	1984
156839318	frbnf139520226	http://catalogue.bnf.fr/ark:/12148/cb13952022z	000000010656274X	Jimmie Noone Apex Club Orchestra		1928	1929
156839350	frbnf139075445	http://catalogue.bnf.fr/ark:/12148/cb13907544t	0000000086041479	Wolverine Orchestra		1923	
15687041X	frbnf139317642	http://catalogue.bnf.fr/ark:/12148/cb139317645	0000000081898553	Zoot Sims quartet		1950	1983
15687086X	frbnf139027016	http://catalogue.bnf.fr/ark:/12148/cb13902701w	0000000100259141	Cootie Williams and his Rug Cutters		1937	1939
156899698	frbnf139019215	http://catalogue.bnf.fr/ark:/12148/cb13901921t	0000000106709596	Benny Goodman orchestra		1934	1949
156899744	frbnf139043942	http://catalogue.bnf.fr/ark:/12148/cb139043943	0000000119390377	Kid Ory and his Creole jazz band		1944	1956
156901021	frbnf139253595	http://catalogue.bnf.fr/ark:/12148/cb139253597		Tommy Ladnier and his orchestra		19  	
156956888	frbnf13907588x	http://catalogue.bnf.fr/ark:/12148/cb13907588f		The Yellow Jackets		1977	
156982404	frbnf138875039	http://catalogue.bnf.fr/ark:/12148/cb13887503q		Carrère music			1999
156985950	frbnf139052884	http://catalogue.bnf.fr/ark:/12148/cb139052884		Niagara		1982	
157035603	frbnf139969858	http://catalogue.bnf.fr/ark:/12148/cb139969854		Brian Auger and the Trinity		1966	1969
157332292	frbnf139018056	http://catalogue.bnf.fr/ark:/12148/cb139018059		Bandolero		1982	
157337030	frbnf139469874	http://catalogue.bnf.fr/ark:/12148/cb13946987s		Erato Disques			
157337871	frbnf139019197	http://catalogue.bnf.fr/ark:/12148/cb139019198		Benny Carter Quintet			
157338010	frbnf139659471	http://catalogue.bnf.fr/ark:/12148/cb13965947q		Dave & Ansell Collins		197.	
157338053	frbnf139659382	http://catalogue.bnf.fr/ark:/12148/cb13965938r		Bob & Marcia		1969	
157338088	frbnf139049308	http://catalogue.bnf.fr/ark:/12148/cb13904930h		Melodians		1963	1973
157338568	frbnf139264093	http://catalogue.bnf.fr/ark:/12148/cb139264096	0000000119560735	Fletcher Henderson orchestra		1923	
157338606	frbnf139033581	http://catalogue.bnf.fr/ark:/12148/cb139033580	0000000107195064	Erskine Hawkins orchestra		1935	1980
157338665	frbnf139024365	http://catalogue.bnf.fr/ark:/12148/cb13902436q		Chick Webb Orchestra		1926	1939
157338746	frbnf139555451	http://catalogue.bnf.fr/ark:/12148/cb13955545q		Johnny Dodds Trio		1928	
157338932	frbnf13907551x	http://catalogue.bnf.fr/ark:/12148/cb139075513	0000000081896822	Woody Herman big band		1936	
157339122	frbnf139017965	http://catalogue.bnf.fr/ark:/12148/cb139017965	0000000115128734	Bananarama		1981	
157361934	frbnf135086138	http://catalogue.bnf.fr/ark:/12148/cb13508613c		Festival de jazz de Montreux		1967	
157467546	frbnf139067459	http://catalogue.bnf.fr/ark:/12148/cb13906745g		Stevie Ray Vaughan and Double trouble		1970	1990
157473848	frbnf139511946	http://catalogue.bnf.fr/ark:/12148/cb13951194v	0000000115232435	The Breeders		1988	
157474100	frbnf139614330	http://catalogue.bnf.fr/ark:/12148/cb13961433p		Pulp		1978	
157474216	frbnf139431215	http://catalogue.bnf.fr/ark:/12148/cb13943121x		James		1982	2001
157474429	frbnf139358176	http://catalogue.bnf.fr/ark:/12148/cb13935817w		The Field mice		1988	1991
15747450X	frbnf139445439	http://catalogue.bnf.fr/ark:/12148/cb13944543k		Dream Warriors		1991	
157474550	frbnf139058912	http://catalogue.bnf.fr/ark:/12148/cb13905891p	0000000123426010	Primal scream		1984	
157475298	frbnf139982574	http://catalogue.bnf.fr/ark:/12148/cb13998257f	000000012185592X	Fun lovin' criminals		1993	
157475336	frbnf139826671	http://catalogue.bnf.fr/ark:/12148/cb139826676		Ruby		1995	
157475425	frbnf139053114	http://catalogue.bnf.fr/ark:/12148/cb13905311t	0000000119453470	The Nits		1974	
157475611	frbnf139038774	http://catalogue.bnf.fr/ark:/12148/cb13903877n		The Happy mondays		1985	1992
157477525	frbnf139320275	http://catalogue.bnf.fr/ark:/12148/cb139320278		The Chills		1990	
157479242	frbnf139059081	http://catalogue.bnf.fr/ark:/12148/cb13905908k	0000000118818984	The Proclaimers		1987	
157479714	frbnf139016564	http://catalogue.bnf.fr/ark:/12148/cb13901656n		The Apartments		1978	
157587223	frbnf139055282	http://catalogue.bnf.fr/ark:/12148/cb139055283		Orchestre François Rauber		19  	
157618080	frbnf142529406	http://catalogue.bnf.fr/ark:/12148/cb142529409		Jan et Rod			
157703304	frbnf13902072x	http://catalogue.bnf.fr/ark:/12148/cb13902072g	0000000117809023	Booker T. & The MG's		1962	1971
157703436	frbnf139039545	http://catalogue.bnf.fr/ark:/12148/cb139039548	0000000123535700	Herman's hermits		1963	1971
157805549	frbnf139385814	http://catalogue.bnf.fr/ark:/12148/cb13938581w		Zouk machine		1986	
157863727	frbnf14648612x	http://catalogue.bnf.fr/ark:/12148/cb146486125	000000010851723X	Warsaw village band		1997	
158025571	frbnf142560889	http://catalogue.bnf.fr/ark:/12148/cb14256088s	0000000103026976	Matrix Ensemble		19..	
158026772	frbnf139023950	http://catalogue.bnf.fr/ark:/12148/cb13902395z		Charles et Johnny		1934	1937
158163532	frbnf139313989	http://catalogue.bnf.fr/ark:/12148/cb13931398c		Elmer food beat		1986	1993
158163605	frbnf142460383	http://catalogue.bnf.fr/ark:/12148/cb142460381		Benny Bennet et son orchestre		19..	
158284372	frbnf138896414	http://catalogue.bnf.fr/ark:/12148/cb138896411		Éditions Pluriel			
158304225	frbnf139915586	http://catalogue.bnf.fr/ark:/12148/cb13991558x		Island Records Ltd		1962	
158361180	frbnf139070081	http://catalogue.bnf.fr/ark:/12148/cb13907008k	0000000122539451	Thin Lizzy		1970	1983
158361636	frbnf139049678	http://catalogue.bnf.fr/ark:/12148/cb13904967v	000000012364953X	Meteors		198.	
158362160	frbnf140230362	http://catalogue.bnf.fr/ark:/12148/cb14023036v	0000000123031406	The Ralph Peterson Fo'tet		1989	
158936418	frbnf139409681	http://catalogue.bnf.fr/ark:/12148/cb139409682	0000000107214050	Münchner Symphoniker		1945	
158966767	frbnf139238458	http://catalogue.bnf.fr/ark:/12148/cb13923845f	0000000121492823	Neville Brothers		1977	
159126975	frbnf138903289	http://catalogue.bnf.fr/ark:/12148/cb138903281		United musicians international productions			
159625130	frbnf139601920	http://catalogue.bnf.fr/ark:/12148/cb139601924	000000012198625X	Choeur Raymond Saint-Paul		1950	
159839947	frbnf139069702	http://catalogue.bnf.fr/ark:/12148/cb139069707		Telex		1978	
16012011X	frbnf139018063	http://catalogue.bnf.fr/ark:/12148/cb13901806n		The Bangles		1981	
160144825	frbnf139075057	http://catalogue.bnf.fr/ark:/12148/cb13907505x		Wiener Johann Strauss Orchester			
160198062	frbnf139048462	http://catalogue.bnf.fr/ark:/12148/cb13904846m		Marc Seberg		1982	1990
160198534	frbnf138874706	http://catalogue.bnf.fr/ark:/12148/cb13887470k	0000000093462984	Capitol Records Inc			
160200857	frbnf139858270	http://catalogue.bnf.fr/ark:/12148/cb139858277		Buddy Bregman's orchestra		1956	
160200881	frbnf150380691	http://catalogue.bnf.fr/ark:/12148/cb15038069c		Les Pommes de ma douche		200.	
160292603	frbnf139334595	http://catalogue.bnf.fr/ark:/12148/cb139334597	0000000121699015	Sony music entertainment inc.			
160292646	frbnf13934169x	http://catalogue.bnf.fr/ark:/12148/cb13934169z		Sony music entertainment international			
160317819	frbnf139064406	http://catalogue.bnf.fr/ark:/12148/cb13906440x		The Sensations		1954	1964
160317827	frbnf148227560	http://catalogue.bnf.fr/ark:/12148/cb14822756j		The Flamingos		1953	
160317843	frbnf139241155	http://catalogue.bnf.fr/ark:/12148/cb13924115t	000000010671917X	The Moonglows		1951	
160449332	frbnf138869488	http://catalogue.bnf.fr/ark:/12148/cb13886948j		Wotre music			
160592399	frbnf139732161	http://catalogue.bnf.fr/ark:/12148/cb139732167		Sellers et son Jazz Marseillais		19..	
160592496	frbnf139293262	http://catalogue.bnf.fr/ark:/12148/cb139293267		Le Jazz du Poste Parisien		1936	
160747287	frbnf150939522	http://catalogue.bnf.fr/ark:/12148/cb150939525		CirKus		200.	
160841380	frbnf139030813	http://catalogue.bnf.fr/ark:/12148/cb13903081p		Duke Ellington and his Cotton Club orchestra		1927	1930
160841399	frbnf140038198	http://catalogue.bnf.fr/ark:/12148/cb140038192	0000000107210965	Bunny Berigan and his orchestra		1936	19..
160841410	frbnf13903023x	http://catalogue.bnf.fr/ark:/12148/cb13903023h	0000000094841281	Don Redman orchestra		1931	1940
16084147X	frbnf139051056	http://catalogue.bnf.fr/ark:/12148/cb13905105b	000000008939996X	Mound City Blue Blowers		1924	1936
160841488	frbnf139308077	http://catalogue.bnf.fr/ark:/12148/cb13930807c		Eddie South and his Alabamians		1929	
160841496	frbnf140021843	http://catalogue.bnf.fr/ark:/12148/cb14002184b	0000000107295196	Bud Freeman and his Windy city five		1935	1935
161100856	frbnf139064961	http://catalogue.bnf.fr/ark:/12148/cb13906496j	0000000122052774	Sidney Bechet & his blue note jazzmen		1940	1949
161238351	frbnf139434948	http://catalogue.bnf.fr/ark:/12148/cb13943494z		Color me badd		1990	
16123836X	frbnf139416195	http://catalogue.bnf.fr/ark:/12148/cb139416198		The Sounds of Blackness		1970	
161751105	frbnf140274533	http://catalogue.bnf.fr/ark:/12148/cb14027453h	0000000110105429	Calexico		1996	
161776949	frbnf13921815x	http://catalogue.bnf.fr/ark:/12148/cb139218151		WEA music			
161904327	frbnf165842997	http://catalogue.bnf.fr/ark:/12148/cb16584299x		Washington men's camerata		1984	
161904637	frbnf139067174	http://catalogue.bnf.fr/ark:/12148/cb139067177	0000000102971802	Statler Brothers		1955	
161932355	frbnf139019763	http://catalogue.bnf.fr/ark:/12148/cb139019763		Bijou		1975	1982
162012845	frbnf15054164x	http://catalogue.bnf.fr/ark:/12148/cb15054164c		Neal Black and the healers			
162051468	frbnf156849099	http://catalogue.bnf.fr/ark:/12148/cb156849093		Jakarta		200.	
162051484	frbnf155902531	http://catalogue.bnf.fr/ark:/12148/cb15590253q		Mondotek		2002	
16215013X	frbnf13992384x	http://catalogue.bnf.fr/ark:/12148/cb139923845		Ken Darby singers		19..	
162382529	frbnf139029412	http://catalogue.bnf.fr/ark:/12148/cb13902941p		The Diamonds		1956	
162382545	frbnf13903590x	http://catalogue.bnf.fr/ark:/12148/cb139035901		Frankie Lymon and the Teenagers		1956	
16238257X	frbnf139503928	http://catalogue.bnf.fr/ark:/12148/cb13950392g		The Skyliners		1958	
16250442X	frbnf138894153	http://catalogue.bnf.fr/ark:/12148/cb13889415x		Nato			
163760322	frbnf139423414	http://catalogue.bnf.fr/ark:/12148/cb13942341v		Michel Legrand et son orchestre		196?	
164337164	frbnf139285874	http://catalogue.bnf.fr/ark:/12148/cb13928587r		Australie			
164533745	frbnf139522191	http://catalogue.bnf.fr/ark:/12148/cb13952219m		Rhino records Inc			
165038462	frbnf139048786	http://catalogue.bnf.fr/ark:/12148/cb139048787	000000011957749X	The Marvelettes		1961	
165698713	frbnf139656450	http://catalogue.bnf.fr/ark:/12148/cb139656456	0000000110157325	Cirith Ungol		1971	2001
165891386	frbnf138896072	http://catalogue.bnf.fr/ark:/12148/cb13889607v		Polygram	Division Phonogram		
166477087	frbnf166221185	http://catalogue.bnf.fr/ark:/12148/cb166221188		Presidance		200.	
167095048	frbnf13961829x	http://catalogue.bnf.fr/ark:/12148/cb13961829j	0000000107260751	Massilia sound system		1984	
167095978	frbnf139474533	http://catalogue.bnf.fr/ark:/12148/cb13947453b	0000000107885321	Gerry Mulligan and the Concert Jazz Band		1960	1964
167095986	frbnf139052343	http://catalogue.bnf.fr/ark:/12148/cb139052346		Neal Hefti Orchestra		1946	1954
167111140	frbnf140332082	http://catalogue.bnf.fr/ark:/12148/cb14033208c		Universal pictures vidéo France SA		1999	
167298844	frbnf139724271	http://catalogue.bnf.fr/ark:/12148/cb139724276	0000000094864838	Rounder Records		1970	
168370042	frbnf13882830x	http://catalogue.bnf.fr/ark:/12148/cb138828307		Emi music France		1972	
16899559X	frbnf138882941	http://catalogue.bnf.fr/ark:/12148/cb138882948		EMI music international			
169329453	frbnf166384047	http://catalogue.bnf.fr/ark:/12148/cb166384042		Lonesome day		1992	
169832546	frbnf139069111	http://catalogue.bnf.fr/ark:/12148/cb13906911q	0000000123248760	Talk talk		1981	1991
170392686	frbnf139064986	http://catalogue.bnf.fr/ark:/12148/cb139064987		Sidney Bechet's One Man Band		1945	
170392694	frbnf139253403	http://catalogue.bnf.fr/ark:/12148/cb13925340t	0000000106759315	Noble Sissle's Swingsters		1937	1938
170531988	frbnf166339963	http://catalogue.bnf.fr/ark:/12148/cb16633996q		Doolin'		201.	
170947432	frbnf139043052	http://catalogue.bnf.fr/ark:/12148/cb13904305n		The Jordanaires		1948	
171000773	frbnf161682634	http://catalogue.bnf.fr/ark:/12148/cb16168263s		Cheveu		200.	
17108358X	frbnf138882877	http://catalogue.bnf.fr/ark:/12148/cb138882870	000000010093264X	EMI records Ltd		1957	
171403053	frbnf162331467	http://catalogue.bnf.fr/ark:/12148/cb162331468		Lilly Wood & the Prick		2006	
172042763	frbnf139048715	http://catalogue.bnf.fr/ark:/12148/cb13904871t		Martha and the Muffins		1979	1984
172574765	frbnf139066453	http://catalogue.bnf.fr/ark:/12148/cb139066456	0000000110187663	The Sparks		1970	
172645190	frbnf140005650	http://catalogue.bnf.fr/ark:/12148/cb14000565p		Cooking vinyl			
175846413	frbnf139019635	http://catalogue.bnf.fr/ark:/12148/cb13901963r	0000000122847219	Big Brother and the Holding company		1966	1972
180177494	frbnf133380194	http://catalogue.bnf.fr/ark:/12148/cb133380192	0000000122430122	Carter family		1927	1943
181293781				Auvidis		1976	
181738562	frbnf139765161	http://catalogue.bnf.fr/ark:/12148/cb13976516s		Tony Parenti and his Famous Melody Boys		1925	1925
181738589	frbnf139765332	http://catalogue.bnf.fr/ark:/12148/cb13976533c	0000000081898430	Sam Morgan's Jazz Band		1927	1927
181738619	frbnf139765485	http://catalogue.bnf.fr/ark:/12148/cb13976548d	0000000121699285	Astoria Hot Eight		1925	1930
183862953	frbnf14011373x	http://catalogue.bnf.fr/ark:/12148/cb140113736		BDDP			
187778981	frbnf139070843	http://catalogue.bnf.fr/ark:/12148/cb13907084p		Tommy James and the Shondells		1966	1970
188607927	frbnf150033153	http://catalogue.bnf.fr/ark:/12148/cb15003315f		Les Souillés de fond de cale		1991	
067687342	frbn008942100;frbnf123103569	http://catalogue.bnf.fr/ark:/12148/cb12310356m		Agence du court métrage		1983	
026460556	frbn000085730;frbnf11870490x	http://catalogue.bnf.fr/ark:/12148/cb118704901	0000000118579995	Le Monde			
NumNotice	FRBNF	ARK	Autres métadonnées...
027219232	frbn001514346;frbnf119308988	http://catalogue.bnf.fr/ark:/12148/cb119308987					
02722550X	frbn001520281;frbnf119313736	http://catalogue.bnf.fr/ark:/12148/cb11931373r					
027238032	frbn001532643;frbnf119323762	http://catalogue.bnf.fr/ark:/12148/cb119323761					
027239969	frbn001534530;frbnf11932539x	http://catalogue.bnf.fr/ark:/12148/cb11932539c					
027240223	frbn001534765;frbnf133183663	http://catalogue.bnf.fr/ark:/12148/cb133183660					
02724024X	frbn001534772;frbnf119325578	http://catalogue.bnf.fr/ark:/12148/cb119325579					
027240258	frbn00153478x;frbnf119325585	http://catalogue.bnf.fr/ark:/12148/cb11932558n					
027240274	frbn001534797;frbnf119325592	http://catalogue.bnf.fr/ark:/12148/cb119325590					
02724248X	frbn001537213;frbnf119327515	http://catalogue.bnf.fr/ark:/12148/cb11932751s					
027244601	frbn001539449;frbnf119329384	http://catalogue.bnf.fr/ark:/12148/cb119329384					
027284654	frbn001576821;frbnf11936006x	http://catalogue.bnf.fr/ark:/12148/cb119360060					
027285979	frbn001578078;frbnf119361186	http://catalogue.bnf.fr/ark:/12148/cb119361188					
027286312	frbn001578377;frbnf119361460	http://catalogue.bnf.fr/ark:/12148/cb11936146h					
027301125	frbn001593411;frbnf119372994	http://catalogue.bnf.fr/ark:/12148/cb11937299m					
027310043	frbn001603193;frbnf119380158	http://catalogue.bnf.fr/ark:/12148/cb11938015f					
027310361	frbn001603492;frbnf119380400	http://catalogue.bnf.fr/ark:/12148/cb11938040n					
027311996	frbn001605098;frbnf119381648	http://catalogue.bnf.fr/ark:/12148/cb11938164x					
027312135	frbn001605237;frbnf119381744	http://catalogue.bnf.fr/ark:/12148/cb119381747					
027319075	frbn001612484;frbnf119387302	http://catalogue.bnf.fr/ark:/12148/cb119387308					
027321142	frbn00161476x;frbnf119388870	http://catalogue.bnf.fr/ark:/12148/cb11938887h					
027322289	frbn001615690;frbnf119389698	http://catalogue.bnf.fr/ark:/12148/cb11938969v					
027324036	frbn001617257;frbnf119390939	http://catalogue.bnf.fr/ark:/12148/cb11939093g					
027354822	frbn001649269;frbnf11941480x	http://catalogue.bnf.fr/ark:/12148/cb11941480h					
027415422	frbn001712463;frbnf119461756	http://catalogue.bnf.fr/ark:/12148/cb119461759					
027416992	frbn00171384x;frbnf119462908	http://catalogue.bnf.fr/ark:/12148/cb11946290g					
027424405	frbn001721811;frbnf119468836	http://catalogue.bnf.fr/ark:/12148/cb11946883v					
027433293	frbn00173103x;frbnf119475720	http://catalogue.bnf.fr/ark:/12148/cb11947572m					
027433420	frbn001731168;frbnf119475841	http://catalogue.bnf.fr/ark:/12148/cb11947584m					
027433439	frbn001731175;frbnf119475859	http://catalogue.bnf.fr/ark:/12148/cb11947585z					
027508226	frbn001807598;frbnf119532819	http://catalogue.bnf.fr/ark:/12148/cb119532810					
02750946X	frbn001808771;frbnf119533796	http://catalogue.bnf.fr/ark:/12148/cb11953379q					
027553264	frbn00185522x;frbnf119569237	http://catalogue.bnf.fr/ark:/12148/cb11956923g					
027581527	frbn001885547;frbnf119590929	http://catalogue.bnf.fr/ark:/12148/cb11959092j					
02758156X	frbn001885579;frbnf119590950	http://catalogue.bnf.fr/ark:/12148/cb11959095k					
027581799	frbn001885846;frbnf119591123	http://catalogue.bnf.fr/ark:/12148/cb11959112b					
027599590	frbn001905042;frbnf119604909	http://catalogue.bnf.fr/ark:/12148/cb119604900					
02778455X	frbn002113235;frbnf119752530	http://catalogue.bnf.fr/ark:/12148/cb11975253n					
027789853	frbn002118887;frbnf119756742	http://catalogue.bnf.fr/ark:/12148/cb11975674q					
027789861	frbn00211892x;frbnf11975675x	http://catalogue.bnf.fr/ark:/12148/cb119756752					
02779038X	frbn002119544;frbnf119757214	http://catalogue.bnf.fr/ark:/12148/cb11975721d					
027790649	frbn002119868;frbnf119757424	http://catalogue.bnf.fr/ark:/12148/cb11975742c					
02779394X	frbn002123699;frbnf11975991x	http://catalogue.bnf.fr/ark:/12148/cb119759914					
027794954	frbn002124744;frbnf119760662	http://catalogue.bnf.fr/ark:/12148/cb11976066p					
027794962	frbn002124751;frbnf11976067x	http://catalogue.bnf.fr/ark:/12148/cb119760671					
027794970	frbn002124769;frbnf119760687	http://catalogue.bnf.fr/ark:/12148/cb11976068c					
027852938	frbn002184086;frbnf11980577x	http://catalogue.bnf.fr/ark:/12148/cb11980577g					
02787740X	frbn002207268;frbnf119825067	http://catalogue.bnf.fr/ark:/12148/cb11982506f					
027889882	frbn002219060;frbnf119834707	http://catalogue.bnf.fr/ark:/12148/cb11983470h					
028073290	frbn002371940;frbnf119981237	http://catalogue.bnf.fr/ark:/12148/cb11998123k					
028124979	frbn002413574;frbnf120021871	http://catalogue.bnf.fr/ark:/12148/cb120021873					
028216946	frbn002495265;frbnf120097260	http://catalogue.bnf.fr/ark:/12148/cb120097267					
028224612	frbn002502966;frbnf120103674	http://catalogue.bnf.fr/ark:/12148/cb12010367r					
028410904	frbn002921416;frbnf120251160	http://catalogue.bnf.fr/ark:/12148/cb12025116q					
028633067	frbn003415400;frbnf120428956	http://catalogue.bnf.fr/ark:/12148/cb12042895g					
029810191	frbn004887902;frbnf121357298	http://catalogue.bnf.fr/ark:/12148/cb121357293					
029864879	frbn004951899;frbnf121401428	http://catalogue.bnf.fr/ark:/12148/cb12140142n					
030101883	frbn005267587;frbnf121585298	http://catalogue.bnf.fr/ark:/12148/cb12158529p					
030102081	frbn005267765;frbnf121585412	http://catalogue.bnf.fr/ark:/12148/cb12158541j					
030810590	frbn007679529;frbnf122150822	http://catalogue.bnf.fr/ark:/12148/cb12215082c					
031381138	frbn008321766;frbnf12260665x	http://catalogue.bnf.fr/ark:/12148/cb122606658					
031718531	frbn008662479;frbnf122882480	http://catalogue.bnf.fr/ark:/12148/cb12288248x					
031784232	frbn008728527;frbnf122935189	http://catalogue.bnf.fr/ark:/12148/cb12293518t					
031882870	frbn008829049;frbnf123015076	http://catalogue.bnf.fr/ark:/12148/cb123015070					
032012322	frbn00896537x;frbnf12312299x	http://catalogue.bnf.fr/ark:/12148/cb123122993					
03260386X	frbn009581336;frbnf123601922	http://catalogue.bnf.fr/ark:/12148/cb12360192z					
033183031	frbn010392635;frbnf124075375	http://catalogue.bnf.fr/ark:/12148/cb12407537j					
033466300	frbn010692757;frbn010692839;frbnf124329247	http://catalogue.bnf.fr/ark:/12148/cb12432924q					
033466890	frbn010693364;frbnf124329795	http://catalogue.bnf.fr/ark:/12148/cb124329790					
033472890	frbn010701010;frbn010694053;frbnf124335200	http://catalogue.bnf.fr/ark:/12148/cb12433520g					
033670242	frbn011036542;frbnf124514121	http://catalogue.bnf.fr/ark:/12148/cb12451412h					
033900086	frbn011559514;frbnf124710508	http://catalogue.bnf.fr/ark:/12148/cb12471050c					
033945489	frbn011608324;frbnf12475100x	http://catalogue.bnf.fr/ark:/12148/cb124751002					
034431365	frbn012616085;frbnf125187886	http://catalogue.bnf.fr/ark:/12148/cb12518788m					
034463542	frbn012654584;frbnf125217240	http://catalogue.bnf.fr/ark:/12148/cb12521724w					
034470387	frbn012662969;frbnf125223325	http://catalogue.bnf.fr/ark:/12148/cb12522332n					
034703896	frbn01294114x;frbnf125430402	http://catalogue.bnf.fr/ark:/12148/cb125430403					
034703926	frbn012941171;frbnf125430434	http://catalogue.bnf.fr/ark:/12148/cb125430434					
034777555	frbn013029774;frbnf125496078	http://catalogue.bnf.fr/ark:/12148/cb12549607c					
035108444	frbn013415466;frbnf131676312	http://catalogue.bnf.fr/ark:/12148/cb13167631m					
035165448	frbn013484754;frbnf131714752	http://catalogue.bnf.fr/ark:/12148/cb13171475f					
050458175	frbn01459686x;frbnf135140550	http://catalogue.bnf.fr/ark:/12148/cb13514055w					
050547291	frbn001551597;frbnf126475884	http://catalogue.bnf.fr/ark:/12148/cb12647588m					
053489764	frbn015246844;frbnf135778001	http://catalogue.bnf.fr/ark:/12148/cb13577800s					
077067614	frbnf144496392	http://catalogue.bnf.fr/ark:/12148/cb144496393					
077067622	frbnf14449645x	http://catalogue.bnf.fr/ark:/12148/cb144496451					
084150009	frbnf14606205x	http://catalogue.bnf.fr/ark:/12148/cb14606205g					
086305646	frbn002123731;frbnf119759959	http://catalogue.bnf.fr/ark:/12148/cb11975995h					
095938613	frbnf150332369	http://catalogue.bnf.fr/ark:/12148/cb15033236r					
139217304	frbnf161627043	http://catalogue.bnf.fr/ark:/12148/cb161627046					
02724640X	frbn001541069;frbnf119330714	http://catalogue.bnf.fr/ark:/12148/cb11933071q					
027318699	frbn001612000;frbnf119386969	http://catalogue.bnf.fr/ark:/12148/cb11938696x					
027467287	frbn001765722;frbnf119501581	http://catalogue.bnf.fr/ark:/12148/cb11950158g					
028207033	frbn002485958;frbnf120089146	http://catalogue.bnf.fr/ark:/12148/cb12008914j					
029365198	frbn004389296;frbnf121007522	http://catalogue.bnf.fr/ark:/12148/cb12100752s					
050572369	frbn001759178;frbnf133408779	http://catalogue.bnf.fr/ark:/12148/cb13340877q					
14779644X	frbnf162422739	http://catalogue.bnf.fr/ark:/12148/cb16242273d					
027428419	frbn001726121;frbnf13318624x	http://catalogue.bnf.fr/ark:/12148/cb13318624w					
077072774	frbnf144736542	http://catalogue.bnf.fr/ark:/12148/cb144736545					
NumNotice	FRBNF	ARK	Autres métadonnées...
027219909	frbn001514983;frbnf119309524						
027225488	frbn001520267;frbnf119313711						
027226794	frbn001521472;frbnf119314763						
027250911	frbn001545459;frbnf15298875x;frbnf119334335	http://catalogue.bnf.fr/ark:/12148/cb152988753					
02726369X	frbn001556815;frbnf119343658						
027322734	frbn001616059;frbnf11939000x	http://catalogue.bnf.fr/ark:/12148/cb11939000n					
027401553	frbn001698832;frbnf119451598						
027408582	frbn001705981;frbnf119456855						
027475654	frbn001774803;frbnf119507837						
027624641	frbn001932573;frbnf119625180						
030843170	frbn007732615;frbnf122177538						
NumNotice	FRBNF	ARK	Autres métadonnées...
075170035				Pecková	Dagmar		
076451674				Waters	Ethel	1896	1877
079833578				Solidor	Suzy	1900	1983
081947011				Cash	June Carter	1929	2003
081977085				Lee	Peggy	1920	2002
082121338				Perkins	Carl	1932	1997
082974535				Alexander	Arthur		
083204830				Dréan		18  	19  
084121343				Bono	Sonny	1935	1998
084149353				Strayhorn	Billy	1915	1967
085926469				Lurie	Evan		
086800485				Bracco	Lorraine		
086823655				Butterfield	Paul	1942	1987
086969854				Sharp	Cecil James	1859	1924
091492181				Doherty	Johnny	1895	1980
094202869				White	Jon Manchip		
094247269				Mahin	John Lee	1902	1984
098861956				Hausner	Jessica	1972	
109978862				Chase	David		
109979109				Falco	Edie		
110222946				Parker	Oliver		
111721393				Aebersold	Jamey		
112961932				Descombes	Colette		
112962246				Pizzorno	Antonietta		
113134398				Goodwin	Ginnifer	1978	
113134525				Dennis	Gill	1978	
118750712	frbnf138916849			Boone	Pat	1934	
119446472				Boutterin	Clément		
119446626				Canaan	Brigitte		
119446731				Thiriet	Monique		
119446979				Monteilhet	Johnny		
119447053				Kesterber	Rachel		
119447126				Valmont	Jean	1936	
119447177				Hébert	Christine		
119447215				Maltinti	Olivier		
119447290				Moreau	Elizabeth		
126679479				Niles	John Jacob	1892	1980
127900888				Ruiz	Olivia	1980	
130150606				Nevers	Daniel	1946	
132252546				Ryckeboer	Gérald		
132252562				Declerck	Christian		
133480437				Brown	Lawrence	1907	1988
140100601				Commien	Jean-Jacques	1958	
140768130				West	Dominic		
14079588X				Ewards	Teddy	1924	
146730836				Walker	T-Bone	1910	1975
148134548				Blackman	Honor	1927	
14927808X				Pingault	Claude	1902	1991
150838239				Morello	Joe	1928	2011
152351159				Bleuzé	Éric		
156388146				Weckl	Dave	1960	
156741040				Burnette	Johnny	1934	1964
158027604				Favennec	Mélaine	1950	
158737083				Warlop	Michel	1911	1947
161525407				Harding	Richmond		
161924611				Sigler	Jamie-Lynn	1981	
161924980				Iler	Robert	1985	
163902054				Davis	Steve	1958	
163902232				Wheeler	Tyrone	19..	
175077304	frbnf138962729	http://catalogue.bnf.fr/ark:/12148/cb13896272p		Laine	Frankie	1913	2007
175698031	frbnf166841745	http://catalogue.bnf.fr/ark:/12148/cb16684174g		La Rouquiquinante		19..	
178389234				Proimos	James		
182645924	frbnf139986380	http://catalogue.bnf.fr/ark:/12148/cb139986388		Doriand		1972	
183101987				Rust	John		
183102282				Lee	Sammy		
183375068	frbnf138007758	http://catalogue.bnf.fr/ark:/12148/cb13800775s		Knight	Baker	1933	2005
183377346		http://catalogue.bnf.fr/ark:/12148/cb13896765s		Lombardo	Carmen	1903	1971
184097142	frbnf169406196	http://catalogue.bnf.fr/ark:/12148/cb16940619f		Schulz	Robin	1987	
184971616	frbnf138998458	http://catalogue.bnf.fr/ark:/12148/cb138998455	0000000078235329	Sledge	Percy	1940	2015
185636292				MacColl	Hamish	1962	
186349394				Dewhirst	Ian	1955	
188321691	frbnf167069773	http://catalogue.bnf.fr/ark:/12148/cb16706977q	0000000418406076	Amiel	Elsa	1979	
188322086	frbnf169814618	http://catalogue.bnf.fr/ark:/12148/cb16981461r		Brezis	Mihal	1977	
18832223X	frbnf16981464x	http://catalogue.bnf.fr/ark:/12148/cb16981464s		Binnun	Oded	1975	
188324240				Klipper	Ilan		
188324577				Herenger	Demis		
189959487				Kim	Bo-young		
189960116				Kim	Jin-man		
189961287				Kim	Hye-mi		
189961716				Woo	Kyungmin		
191157767	frbnf139829571	http://catalogue.bnf.fr/ark:/12148/cb13982957q		Ferguson	Jay	1947	
192633880	frbnf13185701			Gérard	Danyel	1939	
193749076				Condie	Richard	19..	
193749122				Root	George Frederick	1820	
193749181				Poulton	George R.	1828	
193749246				Crouch	F. Nicholls	18..	
193749254				Kittredge	Walter	1834	
193749289				Gilmore	Patrick Sarsfield	1182	
196862809				Dunn	Johnny	19..	
197667104	frbnf141208803	http://catalogue.bnf.fr/ark:/12148/cb141208800		Menotti	Gary	19..	
198293895	frbnf160716425	http://catalogue.bnf.fr/ark:/12148/cb160716428		Bernard	Patrick	19..	
198354290				Capéran	Thierry	19..	....
199235813	frbnf138958442	http://catalogue.bnf.fr/ark:/12148/cb13895844v		Kanté	Mory	1950	
200286331	frbnf138977663	http://catalogue.bnf.fr/ark:/12148/cb13897766c	0000000439851494	Moustache		1929	1987
200531344	frbnf142299841	http://catalogue.bnf.fr/ark:/12148/cb142299840		Stevens	Fisher	1963	20..
220614547	frbnf140789608	http://catalogue.bnf.fr/ark:/12148/cb14078960f		Berland	Jacques	1914	
150364970				Fournier	Michel	1945	2008
078039444				Novello	Ivor		
078753538				Owen	Reginald	1887	1972
087566656				Ouspenskaya	Maria	1876	1949
099496674				Gordon	Leon	1894	1960
10055041X				Sawtell	Paul	1906	1971
111153204				Hume	Cyril	1900	1966
133217221				Grey	Virginia	1917	2004
135382343				Wilcoxon	Henry	1905	1984
142932566				Hamilton	Neil A.	1899	1984
144496801				Lowe	Edward T.	1890	1973
15239902X				Wills	Chill	1902	1978
161920918				Van Zandt	Steve	1950	
161921027				Turturro	Aida	1962	
161921108				De Matteo	Drea	1972	
161921957				Schulze	Paul	1962	
161924190				Sirico	Tony	1942	
161924255				Chianese	Dominic	1931	
163561486				Snell	David	1897	1967
163583382				Lloyd	Doris	1896	1968
166388173				Wagner	Sidney	1901	1947
174474229				Sawyer	Joe	1906	1982
183000919				De Vinna	Clyde	1890	1953
183002326				Smith	Leonard	1894	1947
183052293	frbnf141162028	http://catalogue.bnf.fr/ark:/12148/cb14116202s	0000000119475207	Lipman	William R.	1894	1951
18305735X				Gruskin	Jerome	1911	1995
183057546				Joyce	Brenda	1917	2009
183059042				Young	Carroll	1908	1992
183059344				Zucco	George	1886	1960
183068394				Pfaelzer	Marjorie L.		
183072634				Gifford	Frances	1919	1994
060405759				Macnee	Patrick	1922	2015
060574046	frbnf138977250	http://catalogue.bnf.fr/ark:/12148/cb13897725s		Moroder	Giorgio	1940	
060577150				Elizondo	Hector	1936	
060586346				Phoenix	Joaquin	1974	
060588098	frbnf126135807;frbn013227496;frbn000901799;frbnf125644993	http://catalogue.bnf.fr/ark:/12148/cb12564499h	0000000114954129	Howard	Noël	1920	
060649437				Pfeiffer	Michelle	1958	
060794364				Davis	Carl	1936	
060805862				Arriagada	Jorge	1943	
060806419	frbnf138933396	http://catalogue.bnf.fr/ark:/12148/cb13893339d	0000000117805436	Dombasle	Arielle	1958	
061129364				Gallo	Vincent	1962	
061132217				Hayden	Sterling	1916	1986
06115072X				Dionisi	Stefano	1966	
061288357				Romans	Alain		
061397105				Leotti	Antonio		
06139713X				Balanescu	Alexander		
061397180				Gifuni	Fabrizio	1966	
061397504				Muti	Chiara	1973	
061752053				Rosson	Harold	1895	1988
061773212				Bond	Ward	1903	1960
063052164	frbnf138999026	http://catalogue.bnf.fr/ark:/12148/cb138999025	0000000121336732	Solal	Martial	1927	
063056127				Haudepin	Sabine	1955	
066896886	frbn001719582;frbn005538693;frbnf127625205	http://catalogue.bnf.fr/ark:/12148/cb12762520c	0000000108664133	Chevalier	Maurice	1888	1972
066909597	frbn015896183;frbnf137740298;frbn015769061;frbnf137518059	http://catalogue.bnf.fr/ark:/12148/cb137518050	0000000121420862	Depp	Johnny	1963	
066909759	frbn015741101;frbn008845402;frbnf123027769;frbnf137495190;frbnf138910718	http://catalogue.bnf.fr/ark:/12148/cb13891071k	000000009310882X	Baker	Chet	1929	1988
066977002	frbnf137572224;frbn015747848;frbn015839467;frbnf137500933	http://catalogue.bnf.fr/ark:/12148/cb13750093n	000000012131279X	Hollaender	Friedrich	1896	1976
067015468	frbn01585092x;frbnf13770222x;frbnf139392246	http://catalogue.bnf.fr/ark:/12148/cb13939224g		Hart	Lorenz	1895	1943
06720483X				Brown	Ray	1926	2002
067206034	frbnf13989034x	http://catalogue.bnf.fr/ark:/12148/cb139890348	0000000115708819	Grant	James Edward	1902	1966
067272266				Heflin	Van	1910	1971
067319696	frbnf138983189	http://catalogue.bnf.fr/ark:/12148/cb13898318n	0000000081889913	Peacock	Gary	1935	
067396836	frbn00258234x;frbnf126571726	http://catalogue.bnf.fr/ark:/12148/cb12657172b	000000008118514X	Chanslor	Roy	1899	1964
06768999X	frbnf139003937	http://catalogue.bnf.fr/ark:/12148/cb13900393s		Thielemans	Toots	1922	2016
067828507	frbnf123127506;frbn008971148;frbnf139012808	http://catalogue.bnf.fr/ark:/12148/cb13901280d	0000000073663770	Woods	Phil	1931	2015
067829058				Gonsalves	Paul	1920	1974
068896905				Burnett	T. Bone	1948	
069053642				Anderson	Gillian	1968	
069304750				Sutherland	Donald	1935	
069304823				Varsi	Diane	1938	1992
069319995	frbnf138992843	http://catalogue.bnf.fr/ark:/12148/cb13899284d	0000000121491927	Russell	George	1923	2009
069707278	frbn008399206;frbn001495860;frbnf119295583	http://catalogue.bnf.fr/ark:/12148/cb119295584	0000000080501227	Zacharias	Bernard	1929	
069801606	frbn005594699;frbnf138990995	http://catalogue.bnf.fr/ark:/12148/cb13899099w	0000000121482043	Rodgers	Richard	1902	1979
069840970				Mudry	Jean-Paul		
069907994	frbnf14032720x	http://catalogue.bnf.fr/ark:/12148/cb14032720c	0000000108583712	Figgis	Mike	1948	
070014930				Kaper	Bronislaw	1902	1983
070441189	frbnf13894928x	http://catalogue.bnf.fr/ark:/12148/cb13894928n	0000000109370575	Hamlisch	Marvin	1944	2012
070441731	frbn002036365;frbnf131629729;frbnf138927297	http://catalogue.bnf.fr/ark:/12148/cb13892729z	0000000072456227	Coquatrix	Bruno	1910	1979
070987513	frbn010413684;frbnf124093455;frbnf138907768	http://catalogue.bnf.fr/ark:/12148/cb138907760	0000000083981094	André	Maurice	1933	2012
071001875	frbn008885674;frbnf123059681	http://catalogue.bnf.fr/ark:/12148/cb123059688		Fernandel	Franck	1935	2011
071199632				Bonacelli	Paolo	1939	
071343008	frbn012776467;frbnf125312375			Vaughan	Sarah	1924	1990
073310271				Borgnine	Ernest	1917	2012
07335385X	frbnf139214222	http://catalogue.bnf.fr/ark:/12148/cb139214226	0000000080162464	Minogue	Kylie	1968	
073397172				Arnold	Edward	1890	1956
073693219				Lamour	Dorothy	1914	1996
073922609				Turner	Lana	1921	1995
073925780	frbn010774663;frbn003920993;frbnf12065455x;frbnf138913924	http://catalogue.bnf.fr/ark:/12148/cb13891392c		Berger	Michel	1947	1992
073925799	frbnf124393424;frbn010773465;frbnf138942616	http://catalogue.bnf.fr/ark:/12148/cb13894261j	0000000079885702	Gall	France	1947	2018
073997064	frbn006925433;frbnf128656997	http://catalogue.bnf.fr/ark:/12148/cb12865699t	0000000115625490	Mailland	Jean	1937	
074139223				Gandolfini	James	1961	2013
074324160				Dankworth	John	1927	2010
074646869	frbnf139562093	http://catalogue.bnf.fr/ark:/12148/cb139562098		Zazie		1964	
075050455				Collet	Bruno		
075056429	frbnf14010668;frbnf140106681	http://catalogue.bnf.fr/ark:/12148/cb140106686	0000000063090729	Roach	Al	1892	1992
075056607				Edwards	Harry	1889	1952
07505681X				McGowan	Robert F.	1882	1955
075056968				Walker	H.M.	1885	1937
075057107	frbnf138933955	http://catalogue.bnf.fr/ark:/12148/cb13893395w	0000000063022101	Douglas	Gordon	1907	1993
07505731X				Davis	Mildred	1900	1969
075169525				Kusnjer	Ivan	1951	
075169622				Lapšanský	Marián	1947	
075170108				Kühn	Pavel		
075649977	frbnf138977962	http://catalogue.bnf.fr/ark:/12148/cb138977969	0000000081014850	Mulligan	Gerry	1927	1996
075710684				Filač	Vilko	1950	2008
075869659	frbnf138913785	http://catalogue.bnf.fr/ark:/12148/cb13891378t	0000000081306909	Berberian	Cathy	1925	1983
075881276				Rauber	François	1933	2003
076607097	frbn010368082;frbnf138980912	http://catalogue.bnf.fr/ark:/12148/cb13898091w		Oliver	King	1885	1938
077350308	frbn005110372;frbn005156067;frbnf12150236x	http://catalogue.bnf.fr/ark:/12148/cb121502366	0000000028381811	Courant	Gérard	1951	
077363620	frbnf137539911;frbn015796553;frbn015796464;frbnf138923904	http://catalogue.bnf.fr/ark:/12148/cb13892390x	0000000059436862	Charden	Éric	1942	2012
077435001	frbnf139941766	http://catalogue.bnf.fr/ark:/12148/cb13994176g	0000000073663367	Ségara	Hélène	1971	
077440781	frbnf138982849	http://catalogue.bnf.fr/ark:/12148/cb138982845		Pass	Joe	1929	1994
077440846	frbnf138950043	http://catalogue.bnf.fr/ark:/12148/cb13895004d	0000000114767534	Hart	Billy	1940	
077440994	frbnf138970964	http://catalogue.bnf.fr/ark:/12148/cb13897096c		Marjane	Léo	1918	
077441001	frbnf139007978	http://catalogue.bnf.fr/ark:/12148/cb139007978	000000007972399X	Ventura	Ray	1908	1979
07744101X	frbn01039952x;frbnf124081969;frbnf139010586	http://catalogue.bnf.fr/ark:/12148/cb13901058p	0000000073591148	Webster	Ben	1909	1973
077441419	frbnf13973626x	http://catalogue.bnf.fr/ark:/12148/cb13973626n		Bellson	Louis	1924	2009
077441435	frbnf138928431	http://catalogue.bnf.fr/ark:/12148/cb13892843s		Croisille	Nicole	1936	
077441443	frbn001309868;frbnf119229416;frbnf138992366	http://catalogue.bnf.fr/ark:/12148/cb13899236j	0000000108675043	Roussos	Demis	1946	2015
077441974	frbnf138980307			Norvo	Red	1908	1999
077442016	frbnf139006068	http://catalogue.bnf.fr/ark:/12148/cb13900606v		Turner	Joe	1911	1985
077442040	frbn013702733;frbnf131842008	http://catalogue.bnf.fr/ark:/12148/cb13184200x	0000000121418885	Brasseur	Claude	1936	
077442083	frbn010368043;frbnf138922364	http://catalogue.bnf.fr/ark:/12148/cb13892236v	0000000108823456	Cash	Johnny	1932	2003
077442156	frbnf144472509	http://catalogue.bnf.fr/ark:/12148/cb144472501	000000011450569X	Timberlake	Justin	1981	
077442571	frbnf144955746	http://catalogue.bnf.fr/ark:/12148/cb14495574d	0000000079941911	Leroy	Nolwenn	1982	
077443047	frbnf138925257	http://catalogue.bnf.fr/ark:/12148/cb138925251		C. Jérôme		1946	2000
077443322	frbnf138905906	http://catalogue.bnf.fr/ark:/12148/cb138905900		Adderley	Cannonball	1928	1975
077443616	frbnf139788904	http://catalogue.bnf.fr/ark:/12148/cb13978890h		Margaux		19..	
077443829	frbnf139005169	http://catalogue.bnf.fr/ark:/12148/cb13900516w		Tosh	Peter	1944	1987
077720067	frbnf139265633	http://catalogue.bnf.fr/ark:/12148/cb139265638	0000000003029408	Pruvot	Michel	1948	
077720822	frbnf139995995	http://catalogue.bnf.fr/ark:/12148/cb13999599f	0000000055163764	Vestine	Henry	1944	1997
077721020	frbn007146214;frbnf138986630	http://catalogue.bnf.fr/ark:/12148/cb138986639	0000000110326977	Previn	André	1929	
077721403	frbnf138906933	http://catalogue.bnf.fr/ark:/12148/cb138906939	0000000088706657	Allwright	Graeme	1926	
077721896	frbn011458910;frbnf124659985;frbnf138957408	http://catalogue.bnf.fr/ark:/12148/cb138957406	0000000110531954	Jones	Quincy	1933	
077722353	frbn010349993;frbnf138975235	http://catalogue.bnf.fr/ark:/12148/cb13897523j	0000000110624974	Miller	Glenn	1904	1944
077722973	frbn01472829x;frbn005507057;frbnf127598548	http://catalogue.bnf.fr/ark:/12148/cb127598540	0000000122811419	Zidi	Claude	1934	
078051134	frbnf138932198	http://catalogue.bnf.fr/ark:/12148/cb13893219h		Desmond	Paul	1924	1977
078051827	frbn003745056;frbn003509629;frbnf120572255;frbnf138990397	http://catalogue.bnf.fr/ark:/12148/cb138990391		Rivers	Dick	1946	
078052289	frbnf14001611x	http://catalogue.bnf.fr/ark:/12148/cb140016118		Williams	Robbie	1974	
078060192	frbnf13892438x	http://catalogue.bnf.fr/ark:/12148/cb138924383	0000000081707438	Cher		1946	
078061040	frbnf138907519	http://catalogue.bnf.fr/ark:/12148/cb13890751n	0000000086328568	Anderson	Cat	1916	1981
078061059	frbnf138952514	http://catalogue.bnf.fr/ark:/12148/cb13895251g		Hodges	Johnny	1906	1970
078061075	frbn005010532;frbn004980648;frbnf121418413	http://catalogue.bnf.fr/ark:/12148/cb12141841g	0000000121424644	Mouskouri	Nana	1934	
078061180	frbnf138930286	http://catalogue.bnf.fr/ark:/12148/cb13893028x		Davis	Eddie	1921	1986
078061199	frbnf138939673	http://catalogue.bnf.fr/ark:/12148/cb138939679	0000000059466009	Flanagan	Tommy	1930	2001
078061377	frbnf142095924	http://catalogue.bnf.fr/ark:/12148/cb142095923	0000000071015382	Mundell	Hugh	1962	1983
078062012	frbnf138950417	http://catalogue.bnf.fr/ark:/12148/cb13895041m		Hawkins	Coleman	1904	1969
078062225	frbnf138959277	http://catalogue.bnf.fr/ark:/12148/cb13895927j	0000000109624133	Kelly	Wynton	1931	1971
078062551	frbnf140568887	http://catalogue.bnf.fr/ark:/12148/cb14056888n	0000000114761570	Jones	Norah	1979	
078069637	frbnf138973519	http://catalogue.bnf.fr/ark:/12148/cb138973517		Meat Loaf		1948	
078075904	frbn005380147;frbn005314065;frbnf138967053	http://catalogue.bnf.fr/ark:/12148/cb13896705x		Little Richard		1932	
078076102	frbnf120081950;frbn002475711;frbnf139013454	http://catalogue.bnf.fr/ark:/12148/cb139013455		Young	Lester	1909	1959
078076137	frbn010351040;frbnf138973476	http://catalogue.bnf.fr/ark:/12148/cb138973470		McShann	Jay	1916	2006
07807617X	frbnf13900609x	http://catalogue.bnf.fr/ark:/12148/cb13900609w	0000000081386507	Turner	Joe	1907	1990
078076188	frbnf139330593			Chagnon	Pierre	18..	1957
078076269	frbn010349331;frbnf138972538	http://catalogue.bnf.fr/ark:/12148/cb13897253n	0000000084101044	May	Billy	1916	2004
078076277	frbnf13895926x	http://catalogue.bnf.fr/ark:/12148/cb138959266	0000000034700866	Kelly	Paula	1920	1992
078077044	frbn010393299;frbnf124076025;frbnf138943159	http://catalogue.bnf.fr/ark:/12148/cb13894315n	0000000108870412	Garner	Erroll	1921	1977
078077079	frbnf138920032	http://catalogue.bnf.fr/ark:/12148/cb13892003b	000000011074903X	Burton	Gary	1943	
078531403	frbnf123535290;frbn009492994;frbnf138959932	http://catalogue.bnf.fr/ark:/12148/cb13895993b	0000000108886545	King	B. B.	1925	2015
078531470	frbnf138907063	http://catalogue.bnf.fr/ark:/12148/cb13890706t	0000000078268235	Altai	Armande	1944	
078531616	frbnf138948811	http://catalogue.bnf.fr/ark:/12148/cb13894881t	0000000081360817	Haggard	Merle	1937	
078532086	frbnf138957319	http://catalogue.bnf.fr/ark:/12148/cb138957317	0000000080783164	Jones	Jo	1911	1985
078532183	frbnf138927443	http://catalogue.bnf.fr/ark:/12148/cb13892744v	0000000121285074	Corea	Chick	1941	
07861838X	frbnf139245196	http://catalogue.bnf.fr/ark:/12148/cb139245199	0000000042221929	Biensan	François	1945	
078619440	frbn009777267;frbnf138933371	http://catalogue.bnf.fr/ark:/12148/cb13893337q	000000008146531X	Dolphy	Eric	1928	1964
07868322X				Weissmuller	Johnny	1904	1984
078741599				Crichton	Charles	1910	1999
078777380	frbnf140502307	http://catalogue.bnf.fr/ark:/12148/cb140502307		Sarbek	Boris	19XX	1966
078777402	frbnf13900737x	http://catalogue.bnf.fr/ark:/12148/cb13900737d		Vanni-Marcoux		1877	1962
078777410	frbnf13991822x			Bervilly	Édouard	18..	19..
078777429	frbnf139471341	http://catalogue.bnf.fr/ark:/12148/cb139471347		Berry	Guy	1904	1982
079000223	frbnf138924949	http://catalogue.bnf.fr/ark:/12148/cb13892494k		Christophe		1945	
079000401	frbnf138964324	http://catalogue.bnf.fr/ark:/12148/cb138964320		Leadbelly		1885	1949
079000827	frbnf138933478	http://catalogue.bnf.fr/ark:/12148/cb138933471	000000011467141X	Domino	Fats	1928	2017
079053564				Taylor	Lili	1967	
079206093	frbnf145512718	http://catalogue.bnf.fr/ark:/12148/cb14551271x		Blackbeard		1953	
079206271	frbnf14032762x	http://catalogue.bnf.fr/ark:/12148/cb140327629		Lefevre	Jo	1926	
07920628X	frbnf13893875x	http://catalogue.bnf.fr/ark:/12148/cb13893875n		Ferrari	Louis	1910	1988
079206328	frbnf138978085	http://catalogue.bnf.fr/ark:/12148/cb13897808g	0000000108876195	Murena	Tony	1915	1971
079206565	frbnf139010216	http://catalogue.bnf.fr/ark:/12148/cb13901021b	0000000081490726	Washington	Dinah	1924	1963
079206603	frbnf133236571;frbn013969017;frbnf139387797	http://catalogue.bnf.fr/ark:/12148/cb13938779w	0000000118214320	Kilar	Wojciech	1932	2013
079460879	frbnf124040513;frbn010349559;frbnf138962412	http://catalogue.bnf.fr/ark:/12148/cb13896241d	0000000083744638	Lacy	Steve	1934	2004
079489664	frbnf139322130	http://catalogue.bnf.fr/ark:/12148/cb139322134	0000000055137291	Hardcastle	Paul	1957	
079489826	frbnf140394529	http://catalogue.bnf.fr/ark:/12148/cb14039452v	0000000080156961	Sanseverino		1961	
07949000X	frbnf138930375	http://catalogue.bnf.fr/ark:/12148/cb13893037w		Davis	Wild Bill	1918	1995
079490034	frbnf138920331	http://catalogue.bnf.fr/ark:/12148/cb138920338		Byard	Jaki	1922	1999
079490077	frbnf14173208x	http://catalogue.bnf.fr/ark:/12148/cb14173208c		Drevet	Pierre	19..	
079490360	frbnf138907615	http://catalogue.bnf.fr/ark:/12148/cb13890761z	0000000073641096	Anderson	Lynn	1947	
079490425	frbnf139013319	http://catalogue.bnf.fr/ark:/12148/cb13901331g		Daddy Yod		1964	
079833454	frbnf134945052;frbn014456761;frbnf138951782	http://catalogue.bnf.fr/ark:/12148/cb138951787	000000005937629X	Hess	Johnny	1916	1983
079833640	frbnf138920737	http://catalogue.bnf.fr/ark:/12148/cb13892073h	0000000042307781	Caire	Reda	1905	1963
079928323				Lubezki	Emmanuel	1964	
079961096	frbnf146550508	http://catalogue.bnf.fr/ark:/12148/cb14655050j	0000000119443176	Brion	Françoise	1933	
080248659	frbn007832398;frbnf122243002	http://catalogue.bnf.fr/ark:/12148/cb122243000	0000000121289075	Barbelivien	Didier	1954	
080249906	frbn010349299;frbnf124040253	http://catalogue.bnf.fr/ark:/12148/cb12404025f	0000000055113521	Lenorman	Gérard	1945	
080249957	frbn004227230;frbn004286645;frbnf120960133	http://catalogue.bnf.fr/ark:/12148/cb120960133	0000000121319254	Montagné	Gilbert	1951	
080493262	frbnf138930959	http://catalogue.bnf.fr/ark:/12148/cb138930952	0000000115741491	DeJohnette	Jack	1942	
080493319	frbnf138922161	http://catalogue.bnf.fr/ark:/12148/cb138922167	0000000114394862	Carter	Ron	1937	
080493793	frbnf138995775	http://catalogue.bnf.fr/ark:/12148/cb13899577z	0000000081718778	Schwarz	Gerard	1947	
080493858	frbnf138920349	http://catalogue.bnf.fr/ark:/12148/cb13892034m	0000000059511439	Byas	Don	1912	1972
080495273	frbnf138957194	http://catalogue.bnf.fr/ark:/12148/cb13895719c	0000000116420593	Jones	Elvin	1927	2004
080517242	frbn010349580;frbnf138977097	http://catalogue.bnf.fr/ark:/12148/cb13897709j	0000000121484217	Morgan	Lee	1938	1972
080539378	frbnf138933275			Dodds	Johnny	1892	1940
080563066	frbnf138912854	http://catalogue.bnf.fr/ark:/12148/cb13891285t	0000000068017272	Beck	Gordon	1936	
080564429	frbn000579661;frbnf125956459	http://catalogue.bnf.fr/ark:/12148/cb125956450		Cerrone	Jean-Marc	1952	
080564631	frbnf138949297	http://catalogue.bnf.fr/ark:/12148/cb138949290	0000000115070691	Hammer	Jan	1948	
080667384	frbnf139394083	http://catalogue.bnf.fr/ark:/12148/cb13939408s	000000010891936X	Shaw	Robert	1916	1999
080714374	frbnf141745924	http://catalogue.bnf.fr/ark:/12148/cb141745925		Eek-A-Mouse		1957	
080714501	frbnf138916518	http://catalogue.bnf.fr/ark:/12148/cb13891651m	0000000121389674	Bolling	Claude	1930	
080714773	frbnf139311835	http://catalogue.bnf.fr/ark:/12148/cb13931183s	0000000121345823	Bregović	Goran	1950	
080714900	frbnf139213743	http://catalogue.bnf.fr/ark:/12148/cb139213745	0000000081610628	James	Etta	1938	2012
08071627X	frbnf13931851x;frbnf13931851x	http://catalogue.bnf.fr/ark:/12148/cb139318513	0000000372005612	Hantson	Renaud	1963	
080757375	frbnf138919973	http://catalogue.bnf.fr/ark:/12148/cb13891997r	0000000114426449	Burrell	Kenny	1931	
080784534	frbnf139003556	http://catalogue.bnf.fr/ark:/12148/cb139003557		Terry	Clark	1920	2015
080784747	frbnf139243900	http://catalogue.bnf.fr/ark:/12148/cb139243904	0000000114743727	Miller	Mulgrew	1955	
080784887	frbnf138997872	http://catalogue.bnf.fr/ark:/12148/cb13899787t	0000000080158174	Simmons	John	1918	1979
080786073	frbn001579753;frbn000730775;frbnf138935664	http://catalogue.bnf.fr/ark:/12148/cb13893566v	0000000121479733	Dylan	Bob	1941	
080786138	frbn014460998;frbnf138911745	http://catalogue.bnf.fr/ark:/12148/cb13891174w	0000000121321952	Barouh	Pierre	1934	2016
080808867	frbnf13892357x	http://catalogue.bnf.fr/ark:/12148/cb138923573	0000000109289128	Chambers	Paul	1935	1969
080809294	frbnf138978167	http://catalogue.bnf.fr/ark:/12148/cb138978163	0000000079806445	Murray	David	1955	
080852440	frbnf139000649	http://catalogue.bnf.fr/ark:/12148/cb13900064c	0000000114368306	Stewart	Rod	1945	
080853609	frbnf139220307	http://catalogue.bnf.fr/ark:/12148/cb13922030z	0000000073657979	Williams	James	1951	2004
080879667	frbn004227732;frbn00162989x;frbnf120943746;frbnf138984533	http://catalogue.bnf.fr/ark:/12148/cb13898453f		Piaf	Édith	1915	1963
081715234	frbnf139005009	http://catalogue.bnf.fr/ark:/12148/cb13900500h	0000000055142007	Topart	Jean	1922	2012
081715897	frbnf139012466	http://catalogue.bnf.fr/ark:/12148/cb139012467	0000000078397387	Winter	Johnny	1944	2014
081716087	frbnf140017898	http://catalogue.bnf.fr/ark:/12148/cb14001789g	0000000055181102	Saadiq	Raphael	1966	
08210543X	frbnf139003111	http://catalogue.bnf.fr/ark:/12148/cb13900311m	000000011497228X	Taylor	Cecil	1929	1981
082303894	frbnf138977542	http://catalogue.bnf.fr/ark:/12148/cb13897754c	0000000114681618	Motian	Paul	1931	2011
082303991	frbnf138952350	http://catalogue.bnf.fr/ark:/12148/cb138952357	0000000063033097	Hinton	Milt	1910	2000
082304467	frbnf140030618	http://catalogue.bnf.fr/ark:/12148/cb14003061n	000000008111646X	Sado	Yutaka	1961	
082304513	frbnf138957568	http://catalogue.bnf.fr/ark:/12148/cb13895756k	0000000080893873	Jordan	Clifford	1931	1993
082304696	frbnf138963101	http://catalogue.bnf.fr/ark:/12148/cb13896310d	0000000071450800	Land	Harold	1928	2001
082304920	frbn010349947;frbnf124040890;frbnf138937366	http://catalogue.bnf.fr/ark:/12148/cb13893736g	0000000121261603	Evans	Bill	1929	1980
08233224X	frbnf14037136x	http://catalogue.bnf.fr/ark:/12148/cb140371369	0000000108999259	Anderson	Paul	1965	
082333297	frbnf138949906	http://catalogue.bnf.fr/ark:/12148/cb138949902	0000000121283634	Harrison	George	1943	2001
082334374	frbnf139006221	http://catalogue.bnf.fr/ark:/12148/cb139006223	0000000080969372	Tyler	Bonnie	1953	
082334897	frbnf139936121	http://catalogue.bnf.fr/ark:/12148/cb13993612c		Quilici	Paulo	19..	1985
082676488	frbnf138928189	http://catalogue.bnf.fr/ark:/12148/cb13892818k	0000000081438047	Cranshaw	Bob	1932	
082676526	frbnf139006253	http://catalogue.bnf.fr/ark:/12148/cb139006254	0000000120184511	Tyner	McCoy	1938	
082684286	frbnf139004626	http://catalogue.bnf.fr/ark:/12148/cb13900462s	0000000121239035	Tiomkin	Dimitri	1899	1979
082943508	frbn009041297;frbnf123183024	http://catalogue.bnf.fr/ark:/12148/cb12318302m		Foster	Stephen Collins	1826	1864
083005862	frbnf138948149	http://catalogue.bnf.fr/ark:/12148/cb13894814p	0000000121291212	Guilmant	Alexandre	1837	1911
083048162	frbnf138930813	http://catalogue.bnf.fr/ark:/12148/cb13893081c	000000011496057X	Dee	Joey	1940	
083049517	frbnf138993176	http://catalogue.bnf.fr/ark:/12148/cb13899317j	000000000312064X	Sablon	Germaine	1899	1985
08304986X	frbnf138982703	http://catalogue.bnf.fr/ark:/12148/cb13898270g	0000000073578525	Parton	Dolly	1946	
083050000	frbnf140139539	http://catalogue.bnf.fr/ark:/12148/cb14013953q	000000011821585X	Cassar	Yvan	1972	
083050027	frbnf13891364x	http://catalogue.bnf.fr/ark:/12148/cb138913644	0000000114762370	Bennett	Tony	1926	
083050485	frbnf14031620x	http://catalogue.bnf.fr/ark:/12148/cb14031620v	0000000059397226	McCambridge	Mercedes	1918	2004
083204776	frbnf138942840	http://catalogue.bnf.fr/ark:/12148/cb138942846		Garat	Henri	1902	1959
083204849	frbnf13894347;frbnf138943472	http://catalogue.bnf.fr/ark:/12148/cb138943478	0000000081465387	Gauty	Lys	1908	1994
083487484	frbn010669527;frbnf138920840	http://catalogue.bnf.fr/ark:/12148/cb138920845	0000000084117089	Calloway	Cab	1907	1994
083488960	frbnf141572486	http://catalogue.bnf.fr/ark:/12148/cb141572485	0000000055175837	Bonaccorso	Rosario	1957	
083893148				Seeger	Pete	1919	2014
083974121	frbnf138921821	http://catalogue.bnf.fr/ark:/12148/cb13892182r	0000000083493795	Carney	Harry	1910	1974
083974229	frbnf139976518	http://catalogue.bnf.fr/ark:/12148/cb139976517	0000000083576128	Jackson	Quentin "Butter"	1909	1976
083974245	frbnf138957162			Jones	Claude	1901	1962
083974474	frbnf139003093	http://catalogue.bnf.fr/ark:/12148/cb139003092	0000000120189072	Taylor	Art	1929	1995
083974652	frbnf138984273	http://catalogue.bnf.fr/ark:/12148/cb13898427w	0000000081037921	Pettiford	Oscar	1922	1960
083985514	frbnf140281691	http://catalogue.bnf.fr/ark:/12148/cb140281699		Atkinson	Rowan	1955	
084127066				Rainey	Gertrude	1886	1939
084271493	frbnf138998006	http://catalogue.bnf.fr/ark:/12148/cb138998006	0000000114799181	Simon	Paul	1941	
084284250	frbnf119163069;frbn001566033;frbn001127890;frbnf138975705	http://catalogue.bnf.fr/ark:/12148/cb138975702		Mitchell	Eddy	1942	
084287292	frbnf136072515;frbn002127338;frbn015345949;frbnf119762421;frbnf139013874	http://catalogue.bnf.fr/ark:/12148/cb139013873	0000000110792302	Zappa	Frank	1940	1993
084289201	frbnf139013059	http://catalogue.bnf.fr/ark:/12148/cb13901305x	0000000073673637	Wynette	Tammy	1942	1998
084289716	frbnf138935582	http://catalogue.bnf.fr/ark:/12148/cb138935587	0000000080893849	Duvivier	George	1920	1985
084289732	frbnf139005856	http://catalogue.bnf.fr/ark:/12148/cb13900585q	0000000114807161	Tucker	Ben	1930	2013
084290072	frbnf13977506x	http://catalogue.bnf.fr/ark:/12148/cb13977506q	000000005518088X	Polonska	Elena	19..	
084290102	frbnf13899869x	http://catalogue.bnf.fr/ark:/12148/cb138998695		Smith	Jimmy	1925	2005
084290153	frbnf138978128	http://catalogue.bnf.fr/ark:/12148/cb13897812q	0000000081697153	Murray	Ann	1949	
084290250	frbnf141748888	http://catalogue.bnf.fr/ark:/12148/cb14174888r		Elephant man		19..	
084291192	frbnf138991531	http://catalogue.bnf.fr/ark:/12148/cb13899153v	0000000078278652	Ronstadt	Linda	1946	
084292245	frbnf139259954	http://catalogue.bnf.fr/ark:/12148/cb13925995r		Chevallier	Christian	1930	2008
084292725	frbnf14445271x	http://catalogue.bnf.fr/ark:/12148/cb14445271h	0000000116009876	Howitt	Peter	1957	
084292733	frbn01481368x;frbnf135781976	http://catalogue.bnf.fr/ark:/12148/cb135781979	0000000114432515	Wade	Robert	1962	
084292741	frbnf146016073	http://catalogue.bnf.fr/ark:/12148/cb146016072	0000000078445385	Miller	Ben	1966	
085188034	frbnf138964107	http://catalogue.bnf.fr/ark:/12148/cb13896410p	0000000114398003	Lavoie	Daniel	1949	
085188999	frbnf139011535	http://catalogue.bnf.fr/ark:/12148/cb139011537	0000000083930318	Wild	Earl	1915	
085189294	frbnf138974076	http://catalogue.bnf.fr/ark:/12148/cb138974071	0000000120183877	Mercer	Johnny	1909	1976
085237981	frbnf138975356	http://catalogue.bnf.fr/ark:/12148/cb13897535j	0000000081569522	Mills	Irving	1894	1985
085266493	frbnf139838403	http://catalogue.bnf.fr/ark:/12148/cb13983840z		Anderson	Sylvia	193X	
085266663	frbnf138964705	http://catalogue.bnf.fr/ark:/12148/cb13896470j	0000000114500514	Lee	Brenda	1944	
085266671	frbnf146145431	http://catalogue.bnf.fr/ark:/12148/cb14614543k		Vaughn	Billy	1919	1991
085647969	frbnf138962960			Lamb	John	1933	
085648000	frbnf139213889	http://catalogue.bnf.fr/ark:/12148/cb13921388v	0000000044741303	Killian	Albert	1916	1950
085648108	frbnf138937971	http://catalogue.bnf.fr/ark:/12148/cb13893797p	0000000059479563	Farmer	Art	1928	1999
085648426	frbnf139336767	http://catalogue.bnf.fr/ark:/12148/cb13933676c	0000000077254720	Horvitz	Wayne	1955	
085650242	frbnf138910629	http://catalogue.bnf.fr/ark:/12148/cb13891062m		Bailey	Donald	1934	
085650269	frbnf138951298	http://catalogue.bnf.fr/ark:/12148/cb138951291	0000000081835181	Henderson	Joe	1937	2001
085677078	frbnf146160248	http://catalogue.bnf.fr/ark:/12148/cb14616024d	0000000364988049	Croze	Pauline	1979	
085677345	frbnf138981380	http://catalogue.bnf.fr/ark:/12148/cb13898138q		Otis	Johnny	1921	2012
085697540	frbn001184254;frbnf126293981	http://catalogue.bnf.fr/ark:/12148/cb12629398f	0000000066521504	Oussenko	Alexis	19..	
086133241	frbn014010759;frbnf133263248	http://catalogue.bnf.fr/ark:/12148/cb13326324s	0000000095417976	Ewen	Patrik	19..	
086172077	frbnf124044369;frbn010353550;frbnf138998134	http://catalogue.bnf.fr/ark:/12148/cb13899813j	0000000073584570	Sims	Zoot	1925	1985
086228641	frbnf138949144	http://catalogue.bnf.fr/ark:/12148/cb13894914z	0000000055137056	Hallyday	David	1966	
086229028	frbnf13992154x	http://catalogue.bnf.fr/ark:/12148/cb13992154p	0000000115588319	Shearmur	Edward	1966	
086229036	frbnf144599983	http://catalogue.bnf.fr/ark:/12148/cb14459998n		Duchêne	Pascal	19..	
086232126	frbnf13893590x	http://catalogue.bnf.fr/ark:/12148/cb13893590q	0000000115575884	Edison	Harry	1915	1999
086232150	frbnf140034196			Di Battista	Stefano	1969	
086262327	frbnf138962825	http://catalogue.bnf.fr/ark:/12148/cb138962820	0000000114735719	Lalanne	Jean-Félix	19..	
086262335	frbnf138949112	http://catalogue.bnf.fr/ark:/12148/cb13894911x		Hall	Jim	1930	
086264400	frbnf139931754	http://catalogue.bnf.fr/ark:/12148/cb13993175w	0000000098317209	Bazbaz		1967	
086274872	frbnf138968276	http://catalogue.bnf.fr/ark:/12148/cb13896827h	0000000108563180	Lowe	Mundell	1922	
086276549	frbnf14608870x	http://catalogue.bnf.fr/ark:/12148/cb146088702	0000000079892881	Anis		1977	
086911740	frbnf138987077	http://catalogue.bnf.fr/ark:/12148/cb138987073	0000000116623681	Prucnal	Anna	1940	
086912607	frbnf14010333x	http://catalogue.bnf.fr/ark:/12148/cb14010333q	0000000114505008	Imbruglia	Natalie	1975	
086912682	frbnf138979027	http://catalogue.bnf.fr/ark:/12148/cb13897902p	0000000081062879	Nelson	Willie	1933	
086912801	frbnf138925830	http://catalogue.bnf.fr/ark:/12148/cb138925836	0000000078273819	Cliff	Jimmy	1948	
08691409X	frbnf140018523	http://catalogue.bnf.fr/ark:/12148/cb14001852d	0000000109062185	Robillard	Duke	1948	
086914316	frbnf146192064	http://catalogue.bnf.fr/ark:/12148/cb14619206r		Pouget	Virginie	19..	
086914510	frbnf145779621	http://catalogue.bnf.fr/ark:/12148/cb14577962r	0000000063087968	Akon		1973	
086915258	frbnf138974457	http://catalogue.bnf.fr/ark:/12148/cb13897445k		Mestral	Armand	1917	2000
086915304	frbnf139315449	http://catalogue.bnf.fr/ark:/12148/cb139315440	0000000114763285	Thompson	Lucky	1924	1997
086949829	frbnf139399760	http://catalogue.bnf.fr/ark:/12148/cb13939976n	0000000114499525	Mehldau	Brad	1970	
086950398	frbnf139259281	http://catalogue.bnf.fr/ark:/12148/cb13925928m	0000000055131340	Hernandez	Patrick	1949	
086950452	frbnf138997776	http://catalogue.bnf.fr/ark:/12148/cb13899777h	0000000108681996	Silver	Horace	1928	2014
087413264	frbnf138990454	http://catalogue.bnf.fr/ark:/12148/cb13899045z	0000000115916378	Roach	Max	1924	2007
087450771	frbnf138990034	http://catalogue.bnf.fr/ark:/12148/cb138990031	0000000110216188	Riddle	Nelson	1921	1985
08745081X	frbnf139331987	http://catalogue.bnf.fr/ark:/12148/cb139331989	0000000114743751	Cray	Robert	1953	
087451867	frbnf139707546	http://catalogue.bnf.fr/ark:/12148/cb13970754f	0000000080796109	Golijov	Osvaldo	1960	
087452197	frbnf12517474x;frbn012596622;frbnf138992462	http://catalogue.bnf.fr/ark:/12148/cb13899246v	0000000120237150	Rowles	Jimmy	1918	1996
087816369				Gorman	Michael	1895	1970
087884208	frbnf139789753	http://catalogue.bnf.fr/ark:/12148/cb13978975w		Ninjaman		1966	
087886847	frbnf13332849x;frbn014114099;frbn014115297;frbnf133327640;frbnf139221117	http://catalogue.bnf.fr/ark:/12148/cb13922111z		Khaled		1960	
087888823	frbnf139894925	http://catalogue.bnf.fr/ark:/12148/cb13989492j	0000000001116161	Boogaerts	Mathieu	1970	
087888858	frbnf138926149	http://catalogue.bnf.fr/ark:/12148/cb13892614n	0000000109782035	Cohen	Joel	1942	
087928299	frbn004122329;frbn013157247;frbnf120843952	http://catalogue.bnf.fr/ark:/12148/cb12084395d	0000000055099803	Torr	Michèle	1947	
087930714	frbn006260193;frbnf121852331;frbn006503909;frbnf138961207	http://catalogue.bnf.fr/ark:/12148/cb138961205		Kosma	Joseph	1905	1969
087930803	frbnf139300461	http://catalogue.bnf.fr/ark:/12148/cb139300462	0000000114507927	Ellis	Osian	1928	
087930935	frbnf139872761	http://catalogue.bnf.fr/ark:/12148/cb139872768		Scatman John		1942	1999
087931192	frbnf13900115x	http://catalogue.bnf.fr/ark:/12148/cb13900115f	000000011442948X	Stratas	Teresa	1938	
087931591	frbnf138941293	http://catalogue.bnf.fr/ark:/12148/cb13894129s	0000000114476112	Franklin	Aretha	1942	
08793163X	frbnf139013269	http://catalogue.bnf.fr/ark:/12148/cb13901326w		Yellowman		1959	
087931648	frbnf139360526	http://catalogue.bnf.fr/ark:/12148/cb13936052f		Ranks	Shabba	1966	
087931664	frbnf139777516	http://catalogue.bnf.fr/ark:/12148/cb139777513		Banton	Buju	1973	
087932318	frbn007169031;frbnf122060428;frbn010392806;frbnf138927226	http://catalogue.bnf.fr/ark:/12148/cb13892722j	0000000120961237	Copland	Aaron	1900	1990
087932393	frbnf138933656	http://catalogue.bnf.fr/ark:/12148/cb13893365z	0000000121368785	Donovan		1946	
08793311X	frbnf139373438	http://catalogue.bnf.fr/ark:/12148/cb13937343j	000000012027623X	Pacheco	Johnny	1935	
088520781	frbnf140241501	http://catalogue.bnf.fr/ark:/12148/cb14024150x	0000000073598868	Montenegro	Hugo	1925	1981
088520862	frbn014273308;frbn013721769;frbnf135061868;frbnf138929960	http://catalogue.bnf.fr/ark:/12148/cb13892996n		Dave		1944	
088520889	frbnf139220823	http://catalogue.bnf.fr/ark:/12148/cb139220826	000000007839803X	Williams	Lucinda	1953	
088522407	frbnf138928659	http://catalogue.bnf.fr/ark:/12148/cb138928653	0000000115592780	Cruz	Celia	1924	2003
088522598	frbnf139011909	http://catalogue.bnf.fr/ark:/12148/cb13901190f		Williams	John	1932	
088885267				Betts	Keter	1928	2005
089788494				Tomblin	David	19XX	2005
091949319				Taylor-Wood	Sam	1967	
09276049X				Melki	Claude	1939	1994
097856533				Paté	André	19XX	
101348630				Taylor	Robert	1911	1969
106923145	frbnf139008521	http://catalogue.bnf.fr/ark:/12148/cb13900852k	0000000055149225	Vilard	Hervé	1946	
110253655	frbnf139418196	http://catalogue.bnf.fr/ark:/12148/cb13941819t	0000000114406317	Mintzer	Bob	1953	
110481755				Brenner	Jules		
11080662X				Bréaud	Guillaume	1965	
110845609	frbnf131946213;frbn013889610;frbnf139958096	http://catalogue.bnf.fr/ark:/12148/cb13995809h	0000000049579579	Burnier	Robert	1897	1974
110864433				Langella	Frank	1938	
111170680				Lehrmann	Henry	1886	1946
111170745				Nichols	George	1864	1927
111312485	frbnf139008005	http://catalogue.bnf.fr/ark:/12148/cb13900800b	0000000077315933	Verbeke	Patrick	1949	
111731216				Beirach	Richie	1947	
112007724				Mangold	James	1963	
112359671				Sauvaire	Jean-Stéphane	1968	
112692699				Goulding	Alfred J.	1896	1972
112961819	frbnf140212147	http://catalogue.bnf.fr/ark:/12148/cb14021214m		Vatel	Françoise	1941	2005
113134282				Witherspoon	Reese	1976	
113297440	frbnf138973323	http://catalogue.bnf.fr/ark:/12148/cb13897332z	0000000114929337	McLean	Jackie	1931	2006
114463980	frbn012782559;frbnf125317194	http://catalogue.bnf.fr/ark:/12148/cb12531719h		Personne	Paul	1949	
114486719				Urbizu	Enrique	1962	
114525889	frbnf138927030	http://catalogue.bnf.fr/ark:/12148/cb138927038		Cooke	Sam	1931	1964
114617252	frbnf138932700	http://catalogue.bnf.fr/ark:/12148/cb138932708		Diddley	Bo	1928	2008
114665508	frbnf139398726	http://catalogue.bnf.fr/ark:/12148/cb139398720	0000000055175888	Patitucci	John	1959	
116115769	frbnf139011072	http://catalogue.bnf.fr/ark:/12148/cb139011072	0000000115071336	Wesley	Samuel Sebastian	1810	1876
116477423	frbnf13899017x	http://catalogue.bnf.fr/ark:/12148/cb13899017q	0000000066557195	Riley	Ben	1933	
118800132	frbnf150389384	http://catalogue.bnf.fr/ark:/12148/cb15038938k		Huggins	Johnny	19..	
118800175	frbnf14230334x	http://catalogue.bnf.fr/ark:/12148/cb14230334t		Storm	Jean	19XX	
118800248	frbnf142183694	http://catalogue.bnf.fr/ark:/12148/cb142183690		Raaby	Manuel	19..	
119445611	frbnf141479434	http://catalogue.bnf.fr/ark:/12148/cb141479435		Abeillé	Jean	1932	
120875489	frbnf138970850	http://catalogue.bnf.fr/ark:/12148/cb13897085q	0000000115621131	Mariano	Charlie	1923	2009
123358590	frbnf138940031	http://catalogue.bnf.fr/ark:/12148/cb13894003t	000000005514263X	Fol	Raymond	1928	1979
123414806	frbnf138970409	http://catalogue.bnf.fr/ark:/12148/cb13897040r	0000000115844298	Manne	Shelly	1920	1984
124185401	frbn013714867;frbnf131848655;frbnf138909705	http://catalogue.bnf.fr/ark:/12148/cb13890970g	0000000078386442	Aufray	Hugues	1929	
124668615	frbnf156197451	http://catalogue.bnf.fr/ark:/12148/cb156197455		Janin	Dorothée	1976	
126068747	frbnf13974977x	http://catalogue.bnf.fr/ark:/12148/cb13974977m	0000000066558956	Azéma	Anne	19..	
12793667X	frbnf138947684	http://catalogue.bnf.fr/ark:/12148/cb13894768b		Gryce	Gigi	1927	1983
129240397	frbnf140236148	http://catalogue.bnf.fr/ark:/12148/cb140236146		Fahey	Jeff	1956	
130152145	frbnf13891566			Blakey	Art	1919	1990
130701483	frbnf138958816	http://catalogue.bnf.fr/ark:/12148/cb138958812	0000000063104959	Katzin	Lee H.	1935	2002
13145532X	frbnf139927688	http://catalogue.bnf.fr/ark:/12148/cb139927681	0000000078250713	Austin	Ray	1932	
13225252X				Delavier	Katrien	1961	1998
132305984	frbnf141719712	http://catalogue.bnf.fr/ark:/12148/cb14171971k	0000000116791917	Vitalic		1973	
132309335				Leaver	Don	1929	
133275299	frbnf139819812	http://catalogue.bnf.fr/ark:/12148/cb13981981b	0000000055183896	Perathoner	Serge	1953	
134202864	frbnf14038628x	http://catalogue.bnf.fr/ark:/12148/cb140386289	0000000122422827	Hammond	Peter	1923	
135374022	frbnf150019641	http://catalogue.bnf.fr/ark:/12148/cb15001964t	0000000001533993	Eshkeri	Ilan	19..	
136253024	frbnf139837874	http://catalogue.bnf.fr/ark:/12148/cb13983787b	0000000114460305	Morse	Barry	1918	2008
136489702	frbnf138937074	http://catalogue.bnf.fr/ark:/12148/cb13893707w	0000000080944167	Ervin	Booker	1930	1970
136490573	frbnf139220385	http://catalogue.bnf.fr/ark:/12148/cb13922038q		Reid	Rufus	1944	
136852661	frbnf138980677	http://catalogue.bnf.fr/ark:/12148/cb138980671	0000000114504718	O'Day	Anita	1919	2006
137343124				Rooney	Mickey	1920	
139064362				Ferrari	Christian	19..	
139707972	frbnf138969531	http://catalogue.bnf.fr/ark:/12148/cb13896953b		Taj Mahal		1942	
139921427	frbnf13900431x	http://catalogue.bnf.fr/ark:/12148/cb13900431h		Thornton	Big Mama	1926	1984
139922660	frbnf137703556	http://catalogue.bnf.fr/ark:/12148/cb13770355b		Dixon	Willie	1915	1992
139976868	frbnf156254685	http://catalogue.bnf.fr/ark:/12148/cb156254687	0000000366008243	Sebbah	Kathy	1976	
140057153				Borleteau	Lucie	19..	
140100733				Delgutte	Olivier	19  	
140757619				Amsellem	Annie	19  	
143369709				Babinet	Olivier		
145661466	frbnf140020652	http://catalogue.bnf.fr/ark:/12148/cb14002065s		Guesdon	Jean-Michel	19..	
147120675	frbnf141295605	http://catalogue.bnf.fr/ark:/12148/cb14129560q	0000000096934975	Poupaud	Yarol	1968	
147330025	frbnf126094431	http://catalogue.bnf.fr/ark:/12148/cb126094431	0000000120326671	Godey	John	1912	2006
147515440				Marshall	Garry	1934	2016
148423655				LeRoy	Mervin	1900	1987
148952917	frbnf138954579	http://catalogue.bnf.fr/ark:/12148/cb138954573		Idol	Billy	1955	
149168101				Trier	Joachim	1974	
149383460				Reyss	Emmanuelle		
150098588	frbnf140023221	http://catalogue.bnf.fr/ark:/12148/cb14002322b		Walter	Jimmy	192X	
150917414				Damia		1889	1978
151282986				Bellak	George		
152286136	frbnf138947271	http://catalogue.bnf.fr/ark:/12148/cb13894727r	0000000118159720	Griffin	Johnny	1928	2008
152481710		http://catalogue.bnf.fr/ark:/12148/cb13942437w		Cohan	George Michael	1878	1942
155960032	frbnf139640841	http://catalogue.bnf.fr/ark:/12148/cb139640846		Red	Axelle	1968	
156087634	frbnf150932136	http://catalogue.bnf.fr/ark:/12148/cb15093213b	0000000107180022	Soprano		1979	
15608791X	frbnf138921636	http://catalogue.bnf.fr/ark:/12148/cb13892163g	0000000059194939	Cariven	Marcel	1894	1979
156479125	frbnf138272030	http://catalogue.bnf.fr/ark:/12148/cb13827203n	0000000073271152	Hackett	Bobby	1915	1976
156479230	frbnf138920566	http://catalogue.bnf.fr/ark:/12148/cb13892056x	0000000059344538	Caceres	Ernie	1911	1971
156479583	frbnf138913415	http://catalogue.bnf.fr/ark:/12148/cb13891341g		Beneke	Tex	1914	2000
156598132	frbnf147893488	http://catalogue.bnf.fr/ark:/12148/cb14789348k		Dingler	Christian	1947	
156623811	frbnf140262335	http://catalogue.bnf.fr/ark:/12148/cb140262333	0000000055188646	Criswell	Kim	1957	
156623927	frbnf138973106	http://catalogue.bnf.fr/ark:/12148/cb13897310n	0000000063095458	McGlinn	John	1953	
156624737	frbnf139010390	http://catalogue.bnf.fr/ark:/12148/cb13901039d	0000000083714463	Watts	Ernie	1945	
156624834	frbnf138920395	http://catalogue.bnf.fr/ark:/12148/cb13892039b	0000000114363273	Byrd	Donald	1932	2013
156624907	frbnf138953139	http://catalogue.bnf.fr/ark:/12148/cb138953136	0000000055142664	Hope	Elmo	1923	1967
156625555	frbnf155903633	http://catalogue.bnf.fr/ark:/12148/cb155903639	0000000115603259	Isacoff	Stuart	19..	
156625806	frbnf139222614	http://catalogue.bnf.fr/ark:/12148/cb13922261s	0000000055151210	Russell	Curly	1917	1986
156625865	frbnf138949888	http://catalogue.bnf.fr/ark:/12148/cb13894988h	0000000077324717	Harris	Joe	1926	
156626691	frbnf139305259	http://catalogue.bnf.fr/ark:/12148/cb13930525g	0000000114693539	Durham	Bobby	1937	
156627000	frbnf138938443	http://catalogue.bnf.fr/ark:/12148/cb13893844c	0000000084119578	Feldman	Victor	1934	1987
15665816X	frbnf139403155	http://catalogue.bnf.fr/ark:/12148/cb13940315t	0000000077206737	Lacy	Frank	1959	
156658461	frbnf139313658	http://catalogue.bnf.fr/ark:/12148/cb13931365d	0000000055135739	Ehrlich	Marty	1955	
156659301	frbnf140012374	http://catalogue.bnf.fr/ark:/12148/cb14001237v	0000000080122577	Jordan	Steve	1957	
156724227	frbnf138926327	http://catalogue.bnf.fr/ark:/12148/cb13892632k	0000000055130428	Coles	Johnny	1926	1997
156724294	frbnf139003976	http://catalogue.bnf.fr/ark:/12148/cb139003975	0000000110267874	Thigpen	Ed	1930	2010
156724413	frbn010354346;frbnf124045097;frbnf138979276	http://catalogue.bnf.fr/ark:/12148/cb138979271	000000005946437X	Newborn	Phineas	1931	1989
156835665	frbnf140456614	http://catalogue.bnf.fr/ark:/12148/cb14045661m	0000000083544652	Williams	Franc	1910	1983
156835746	frbnf138960952	http://catalogue.bnf.fr/ark:/12148/cb13896095s	0000000114745669	Konitz	Lee	1927	
156838877	frbnf138956936	http://catalogue.bnf.fr/ark:/12148/cb13895693h	0000000108038992	Johnson	Osie	1923	1966
156839024	frbnf124061870	http://catalogue.bnf.fr/ark:/12148/cb12406187r	000000005511089X	Tchicai	John	1936	
156839148	frbnf138933720	http://catalogue.bnf.fr/ark:/12148/cb138933727		Dørge	Pierre	1946	
156839822	frbnf145342600	http://catalogue.bnf.fr/ark:/12148/cb14534260k		Zongamin		1964	
156839830	frbnf140285106	http://catalogue.bnf.fr/ark:/12148/cb14028510r		Black Strobe		19..	
156839849	frbnf140014628	http://catalogue.bnf.fr/ark:/12148/cb14001462m		Marr	Johnny	1963	
156840030	frbnf139451698	http://catalogue.bnf.fr/ark:/12148/cb13945169d	0000000083281581	Mazur	Marilyn	1955	
156870363	frbnf139002988	http://catalogue.bnf.fr/ark:/12148/cb139002987	0000000114767542	Tate	Grady	1932	
156870444	frbnf138952813	http://catalogue.bnf.fr/ark:/12148/cb13895281d		Holley	Major	1924	1991
156870495	frbnf141508416	http://catalogue.bnf.fr/ark:/12148/cb14150841q	0000000073641715	Aronov	Ben	1932	
156870770	frbnf138905450	http://catalogue.bnf.fr/ark:/12148/cb138905455		Aarons	Al	1932	
156870789	frbnf138992487	http://catalogue.bnf.fr/ark:/12148/cb13899248j		Royal	Marshall	1912	
156870797	frbnf139319084	http://catalogue.bnf.fr/ark:/12148/cb139319087		Hughart	Jim	1936	
156870819	frbnf139324099	http://catalogue.bnf.fr/ark:/12148/cb13932409f	0000000055150576	Smith	Paul	1922	
156870827	frbnf13901176x	http://catalogue.bnf.fr/ark:/12148/cb13901176w		Williams	Cootie	1911	1985
156870894	frbnf138949265	http://catalogue.bnf.fr/ark:/12148/cb13894926z	0000000114377085	Hamilton	Jimmy	1917	1994
156870908	frbnf138986961	http://catalogue.bnf.fr/ark:/12148/cb138986968	0000000034994075	Procope	Russell	1908	1981
156870924	frbnf13921611x	http://catalogue.bnf.fr/ark:/12148/cb139216113		Plater	Bobby	1914	
156870940	frbnf139995956	http://catalogue.bnf.fr/ark:/12148/cb139995952		Forrest	Jimmy	1920	1980
156870959	frbnf138933147	http://catalogue.bnf.fr/ark:/12148/cb138933142		Dixon	Eric	1930	1989
156870967	frbnf138947182	http://catalogue.bnf.fr/ark:/12148/cb13894718s	0000000081845777	Grey	Al	1925	2000
156899868	frbnf138995946	http://catalogue.bnf.fr/ark:/12148/cb13899594j	0000000063094420	Scott	Bud	1890	1949
156929775	frbnf159648176	http://catalogue.bnf.fr/ark:/12148/cb15964817j		Buffalo Gil's		1955	
157035700	frbnf138934288	http://catalogue.bnf.fr/ark:/12148/cb138934281		Driscoll	Julie	1947	
157067106	frbnf159586867	http://catalogue.bnf.fr/ark:/12148/cb15958686k		Varela	Didier	19XX	
157292819	frbnf162584812	http://catalogue.bnf.fr/ark:/12148/cb162584817		Mister You		19..	
157315339	frbnf146387865	http://catalogue.bnf.fr/ark:/12148/cb14638786s	0000000002920442	L'Algérino		1981	
157334899	frbnf155869736	http://catalogue.bnf.fr/ark:/12148/cb15586973h		St. Vincent		1982	
157336964	frbnf138957276	http://catalogue.bnf.fr/ark:/12148/cb138957270		Jones	Herbie	1927	2001
157336972	frbnf138927137	http://catalogue.bnf.fr/ark:/12148/cb13892713k	0000000071431271	Cooper	Buster	1929	
157336980	frbnf138957422	http://catalogue.bnf.fr/ark:/12148/cb13895742w		Jones	Rufus	1936	
157336999	frbnf139305241	http://catalogue.bnf.fr/ark:/12148/cb139305244	0000000055147369	Wofford	Mike	1938	
157337073	frbnf138996076	http://catalogue.bnf.fr/ark:/12148/cb138996072	0000000116917989	Scott	Tom	1948	
157337839	frbnf138935746	http://catalogue.bnf.fr/ark:/12148/cb13893574g	0000000059203890	Eberle	Ray	1919	1979
157337847	frbnf138954351	http://catalogue.bnf.fr/ark:/12148/cb13895435s	0000000107761441	Hutton	Marion	1919	1987
15733788X	frbnf138910725	http://catalogue.bnf.fr/ark:/12148/cb13891072x		Baker	Shorty	1914	1966
157338258	frbnf139732325	http://catalogue.bnf.fr/ark:/12148/cb13973232g		Super Cat		19..	
157338282	frbnf139660452	http://catalogue.bnf.fr/ark:/12148/cb13966045s	0000000071444929	Paul	Frankie	1965	
157338363	frbnf139725188	http://catalogue.bnf.fr/ark:/12148/cb13972518h	0000000055189884	Smart	Leroy	19..	
157339580	frbnf139453980	http://catalogue.bnf.fr/ark:/12148/cb13945398j	0000000114606239	Nash	Johnny	1940	
157416429	frbnf138968760	http://catalogue.bnf.fr/ark:/12148/cb13896876q	0000000059392935	Luter	Claude	1923	2006
157417247	frbnf140276420	http://catalogue.bnf.fr/ark:/12148/cb14027642d		DJ Abdel		19..	
15764829X	frbnf139005016	http://catalogue.bnf.fr/ark:/12148/cb13900501v	0000000079957817	Top	Janick	1947	
157703312	frbnf138957148	http://catalogue.bnf.fr/ark:/12148/cb13895714n	0000000114790769	Jones	Booker T.	1944	
157703452	frbnf146476456	http://catalogue.bnf.fr/ark:/12148/cb14647645w	0000000071409517	Feliciano	José	1945	
157703525	frbnf138921159	http://catalogue.bnf.fr/ark:/12148/cb13892115m	0000000109374277	Canino	Bruno	1935	
157703762	frbnf155015935	http://catalogue.bnf.fr/ark:/12148/cb155015935		Ter	Éric	1966	
157810976	frbnf138917958	http://catalogue.bnf.fr/ark:/12148/cb13891795h	000000006301200X	Bradley	Scott	1891	1977
158025520	frbnf146355465	http://catalogue.bnf.fr/ark:/12148/cb146355468		Olivier	Christian	1964	
158025555	frbnf140031595	http://catalogue.bnf.fr/ark:/12148/cb14003159c	0000000059602795	Ziegler	Robert	19XX	
158025563	frbnf141876336	http://catalogue.bnf.fr/ark:/12148/cb14187633v		Holmes	James	19..	
158055225	frbnf140929088	http://catalogue.bnf.fr/ark:/12148/cb140929089	0000000119348064	Desnos	Yves	19..	
158163567	frbnf138912402	http://catalogue.bnf.fr/ark:/12148/cb13891240v	000000007248616X	Bauer	Axel	1961	
158163575	frbnf139893403	http://catalogue.bnf.fr/ark:/12148/cb139893401	000000005518686X	Modena	Diego	19..	
158199367	frbnf138943180	http://catalogue.bnf.fr/ark:/12148/cb13894318p	0000000055147115	Garon	Jesse	1962	
15830179X	frbnf138944414	http://catalogue.bnf.fr/ark:/12148/cb13894441g	0000000030824124	Gibbs	Terry	1924	
158334361	frbnf159066884	http://catalogue.bnf.fr/ark:/12148/cb15906688r		O'Neill	Jimme	19..	
158334493	frbnf138924995	http://catalogue.bnf.fr/ark:/12148/cb138924999	0000000081255726	Christy	June	1925	1990
158335228	frbnf138918896	http://catalogue.bnf.fr/ark:/12148/cb13891889v	000000007145078X	Brown	Arthur	1944	
158361156	frbnf138949863	http://catalogue.bnf.fr/ark:/12148/cb13894986t	0000000106554205	Harris	Emmylou	1947	
158362136	frbnf146511003	http://catalogue.bnf.fr/ark:/12148/cb146511009		Roché	Brisa	1974	
158365305	frbnf140262755	http://catalogue.bnf.fr/ark:/12148/cb140262751		Kid rock		1971	
158365399	frbnf139385935	http://catalogue.bnf.fr/ark:/12148/cb13938593w	0000000083552708	Emmett	Daniel Decatur	1815	1904
158365895	frbnf146340246	http://catalogue.bnf.fr/ark:/12148/cb14634024b	0000000118853325	Rosenberg	Richard	19..	
158365976	frbnf139242951	http://catalogue.bnf.fr/ark:/12148/cb13924295k	0000000079808889	James	Billy	1936	
158366808	frbnf146415827	http://catalogue.bnf.fr/ark:/12148/cb14641582c		Éva		19..	
158366816	frbnf162701888	http://catalogue.bnf.fr/ark:/12148/cb162701889		Grimard	Pierre	19XX	
158453743		http://catalogue.bnf.fr/ark:/12148/cb15007716v		Tacou	Georgina		19..
158453808		http://catalogue.bnf.fr/ark:/12148/cb150077176		Faure	Joséphine	19XX	
158515951				Morgan	Harry	1915	2011
158546555	frbnf138990493	http://catalogue.bnf.fr/ark:/12148/cb13899049b	000000011080633X	Robbins	Marty	1925	1982
158936353	frbnf140395093	http://catalogue.bnf.fr/ark:/12148/cb140395090	000000011203744X	Davies	William	19..	
158938070	frbnf140153204	http://catalogue.bnf.fr/ark:/12148/cb14015320k	0000000055182623	Pochonet	Gérard	1924	
158938488	frbnf139009534	http://catalogue.bnf.fr/ark:/12148/cb139009536		Wal-Berg		1910	1994
158966643	frbnf138947378	http://catalogue.bnf.fr/ark:/12148/cb138947372	0000000114423416	Grimes	Tiny	1917	1989
159122570	frbnf13952924x	http://catalogue.bnf.fr/ark:/12148/cb139529244	0000000079735990	Colón	Willie	1950	
159122716	frbnf139502705	http://catalogue.bnf.fr/ark:/12148/cb13950270w		Rodriguez	Pete El Conde	1932	2000
159282551	frbnf119698748	http://catalogue.bnf.fr/ark:/12148/cb119698741	0000000118156925	Dufresne	Diane	1944	
159283965	frbnf150390543	http://catalogue.bnf.fr/ark:/12148/cb15039054k	0000000118160449	Brown	Chris	1989	
159779987				Winter	Terence	1960	
159835631	frbnf148383488	http://catalogue.bnf.fr/ark:/12148/cb14838348g		Cymbal	Johnny	1945	
15983564X	frbnf138951184	http://catalogue.bnf.fr/ark:/12148/cb13895118c	0000000115741512	Helms	Bobby	1933	1997
159835658	frbnf13898672x	http://catalogue.bnf.fr/ark:/12148/cb138986728	0000000059514410	Price	Lloyd	1933	
159835666	frbnf131850695	http://catalogue.bnf.fr/ark:/12148/cb13185069k	0000000055125610	Cline	Patsy	1932	1963
159835720	frbnf138933841	http://catalogue.bnf.fr/ark:/12148/cb138933847	0000000055130436	Dorsey	Lee	1924	1986
159835763	frbnf124227527	http://catalogue.bnf.fr/ark:/12148/cb124227526	0000000114374810	Anthony	Richard	1938	2015
159835771	frbnf138906342	http://catalogue.bnf.fr/ark:/12148/cb13890634s		Alamo	Frank	1941	2012
15983936X	frbnf138928972	http://catalogue.bnf.fr/ark:/12148/cb13892897q	000000008011143X	Cyrille	Andrew	1939	
159839521	frbnf141731209	http://catalogue.bnf.fr/ark:/12148/cb14173120z	0000000079894318	Drake	Hamid	1955	
160120306	frbnf138976718	http://catalogue.bnf.fr/ark:/12148/cb13897671p	0000000114501445	Moore	Gary	1952	2011
160203600	frbnf139316519	http://catalogue.bnf.fr/ark:/12148/cb13931651j		Peplowski	Ken "Peps"	1959	
160232937	frbnf146524004	http://catalogue.bnf.fr/ark:/12148/cb14652400c		Mullaney	Edward	19  	
160449014	frbnf142364805	http://catalogue.bnf.fr/ark:/12148/cb14236480q		Vicious	Johnny	19..	
160564662	frbnf138973266	http://catalogue.bnf.fr/ark:/12148/cb138973261	0000000059382913	McKusick	Hal	1924	2012
160592356	frbnf146597340	http://catalogue.bnf.fr/ark:/12148/cb146597346		Alibert	Henri	1889	1951
160592372	frbnf139572422	http://catalogue.bnf.fr/ark:/12148/cb13957242b	0000000038397411	Sellers	Georges	1907	1987
160592410	frbnf148219827	http://catalogue.bnf.fr/ark:/12148/cb14821982d		Tranchant	Jean	1904	1972
160592453	frbnf139732211	http://catalogue.bnf.fr/ark:/12148/cb13973221t		Toussaint	Roger	1905	
160615011	frbnf14026300x	http://catalogue.bnf.fr/ark:/12148/cb14026300d		Don Carlos		1952	
16061502X	frbnf142375029	http://catalogue.bnf.fr/ark:/12148/cb14237502f	0000000107829338	Wales	Josie	19..	
160615038	frbnf142177563	http://catalogue.bnf.fr/ark:/12148/cb14217756h	0000000073673450	Prophet	Michael	1957	
160841542	frbnf138926291	http://catalogue.bnf.fr/ark:/12148/cb13892629p		Cole	Nat King	1917	1965
161101534	frbnf138909242	http://catalogue.bnf.fr/ark:/12148/cb138909249	0000000072463304	Ashby	Harold	1925	2003
161238343	frbnf140354431	http://catalogue.bnf.fr/ark:/12148/cb14035443x	0000000078230050	MacDonald	Peter	19XX	
161263399	frbnf138930820	http://catalogue.bnf.fr/ark:/12148/cb13893082q	0000000055133901	Deems	Barrett	1915	1998
161271731				Miller	Anael	19  	
161685854	frbnf139001950	http://catalogue.bnf.fr/ark:/12148/cb13900195x	0000000114792262	Sutherland	Donald	1934	
161706207	frbnf139330885	http://catalogue.bnf.fr/ark:/12148/cb13933088q	0000000115694322	Clinton	George S.	1947	
161706568	frbnf139012313	http://catalogue.bnf.fr/ark:/12148/cb139012316	0000000083995517	Wilson	Shadow	1919	1959
161751091	frbnf161957137	http://catalogue.bnf.fr/ark:/12148/cb16195713h	0000000374624310	Russell	Tom	1953	
161777163	frbnf14012243x	http://catalogue.bnf.fr/ark:/12148/cb140122437	0000000055191423	Keys	Bobby	1943	
161777171	frbnf138956822	http://catalogue.bnf.fr/ark:/12148/cb13895682v		Johnson	Johnnie	1924	2005
16177718X	frbnf138948640	http://catalogue.bnf.fr/ark:/12148/cb138948647	0000000110624958	Hackford	Taylor	1944	
161901646				Burgess	Mitchell		
161904343	frbnf140454727	http://catalogue.bnf.fr/ark:/12148/cb14045472q	0000000083682780	Beveridge	Thomas	1938	
161904688	frbnf139838392	http://catalogue.bnf.fr/ark:/12148/cb13983839r	0000000114795287	Anderson	Gerry	1929	2012
161905838	frbnf138971799	http://catalogue.bnf.fr/ark:/12148/cb138971792	0000000071397843	Mas	Jeanne	1958	
162012993	frbnf166045901	http://catalogue.bnf.fr/ark:/12148/cb166045905		Bears	Bruce	19..	
162051859	frbnf139215705	http://catalogue.bnf.fr/ark:/12148/cb13921570b	0000000081611233	Smith	Marvin	1961	
162123515	frbnf139344415	http://catalogue.bnf.fr/ark:/12148/cb13934441d	0000000081611305	Estefan	Gloria	1957	
162199937	frbnf150671711	http://catalogue.bnf.fr/ark:/12148/cb15067171k	0000000055210209	Costa	Matt	1982	
162341334	frbnf140840604	http://catalogue.bnf.fr/ark:/12148/cb140840606	0000000001296350	Buttaro	Sylvain	19  	
162382561	frbnf138968867	http://catalogue.bnf.fr/ark:/12148/cb138968861		Lymon	Frankie	1942	1968
162382618	frbnf139004569	http://catalogue.bnf.fr/ark:/12148/cb13900456v		Til	Sonny	1925	1981
162382626	frbnf138997064	http://catalogue.bnf.fr/ark:/12148/cb138997060		Shannon	Del	1939	1990
162382642	frbnf140432983	http://catalogue.bnf.fr/ark:/12148/cb14043298c		Knox	Buddy	1933	1999
162485166	frbnf141898813	http://catalogue.bnf.fr/ark:/12148/cb14189881r	0000000114869928	James	Doug	19..	
162485174	frbnf166049209	http://catalogue.bnf.fr/ark:/12148/cb166049203		Crownover	Sunny	19..	
162485182	frbnf14196763x	http://catalogue.bnf.fr/ark:/12148/cb141967631	0000000371387970	Lataille	Rich	1952	
16321669X	frbnf150719946	http://catalogue.bnf.fr/ark:/12148/cb150719946	0000000001877585	Sanders	Ted	1960	
163353204	frbnf145588769	http://catalogue.bnf.fr/ark:/12148/cb145588760		Wyllis	C.	19..	....
163353948	frbnf138912078	http://catalogue.bnf.fr/ark:/12148/cb138912071		Baselli	Joss	1926	1982
163576351	frbnf138963717	http://catalogue.bnf.fr/ark:/12148/cb13896371m		Last	James	1929	2015
164125086	frbnf165796927	http://catalogue.bnf.fr/ark:/12148/cb16579692m		Alan		1991	
164895558	frbnf138964096	http://catalogue.bnf.fr/ark:/12148/cb13896409g	0000000003165813	Lavil	Philippe	1947	
164895949	frbnf150853219	http://catalogue.bnf.fr/ark:/12148/cb15085321h		Hervé	Alexis	19..	
165120924	frbnf166164204	http://catalogue.bnf.fr/ark:/12148/cb16616420d		Chevalier	Mario	19..	
165122188	frbnf139875490	http://catalogue.bnf.fr/ark:/12148/cb139875496	0000000119496075	Pullicino	Gérard	1958	
165790466	frbnf13891980;frbnf138919806	http://catalogue.bnf.fr/ark:/12148/cb138919801	0000000108892013	Burke	Solomon	1940	2010
165791322	frbnf14145517;frbnf141455173	http://catalogue.bnf.fr/ark:/12148/cb141455171	0000000055179707	Wexler	Jerry	1917	2008
166160245	frbnf14798372;frbnf147983722	http://catalogue.bnf.fr/ark:/12148/cb14798372d		McDowall	Cécilia	1947	
166288365	frbnf165889630	http://catalogue.bnf.fr/ark:/12148/cb16588963t		Sadek		19..	
166288381	frbnf142113137	http://catalogue.bnf.fr/ark:/12148/cb14211313p		Niro		19..	
166445460	frbnf140070922	http://catalogue.bnf.fr/ark:/12148/cb14007092w	0000000078389846	Danel	Jean-Pierre	1968	
166469874	frbnf140556550	http://catalogue.bnf.fr/ark:/12148/cb14055655w	0000000116349619	Bain	Barbara	1931	
166477079	frbnf166221242	http://catalogue.bnf.fr/ark:/12148/cb166221246		Cleaner		19..	
166481467	frbnf165839816	http://catalogue.bnf.fr/ark:/12148/cb16583981j	0000000066831430	Sutherland	Donald	19..	
166481475	frbnf165842869	http://catalogue.bnf.fr/ark:/12148/cb16584286k	000000011043891X	Snedecor	Phil	19XX	
166481483	frbnf165842890	http://catalogue.bnf.fr/ark:/12148/cb16584289m		Patterson	Michael	19..	
166481491	frbnf165842933	http://catalogue.bnf.fr/ark:/12148/cb16584293v		Spinelli	Donald	19..	
166806420				Inasawa	Kiyoshi		
166889725				Ounpuu	Veiko	1972	
167224549	frbnf138915277	http://catalogue.bnf.fr/ark:/12148/cb13891527g		Bird	Ronnie	1946	
167279718	frbnf138992334	http://catalogue.bnf.fr/ark:/12148/cb13899233h	0000000059448388	Roussel	Gilbert	1930	
167398733	frbnf141446797	http://catalogue.bnf.fr/ark:/12148/cb14144679m	0000000082630276	Wallace	Art	19..	
167398849	frbnf140841179	http://catalogue.bnf.fr/ark:/12148/cb14084117b	0000000024215293	Byrne	Johnny	1935	2008
167399608		http://catalogue.bnf.fr/ark:/12148/cb13983842n/PUBLIC		Gray	Barry	1925	1984
167401750	frbnf140932586	http://catalogue.bnf.fr/ark:/12148/cb140932585		Di Lorenzo	Edward	19..	
167402285	 frbnf14140627	http://catalogue.bnf.fr/ark:/12148/cb14140627d/PUBLIC		Terpiloff	Anthony	1929	1978
168517698				Jung	Yoo-Mi	1983	
169170667	frbnf138957212	http://catalogue.bnf.fr/ark:/12148/cb13895721x	0000000078397336	Jones	George	1931	2013
169171396	frbnf142328556	http://catalogue.bnf.fr/ark:/12148/cb14232855n		Thomas	Jean-Luc	19..	
169853942	frbnf16220308x	http://catalogue.bnf.fr/ark:/12148/cb16220308b	0000000090355710	Oh	Erick	19..	
169876187	frbnf160742288	http://catalogue.bnf.fr/ark:/12148/cb16074228b		Tan	Chui Mui	1978	
169876233	frbnf161986060	http://catalogue.bnf.fr/ark:/12148/cb16198606p	0000000077993232	Colla	Rolando	19..	
170790509	frbnf162789710	http://catalogue.bnf.fr/ark:/12148/cb16278971q	0000000118870934	York	John	1949	
172010241	frbnf145161952	http://catalogue.bnf.fr/ark:/12148/cb145161951		Rollason	Jon	1932	
17201025X	frbnf109758410	http://catalogue.bnf.fr/ark:/12148/cb109758415		Powell	Lester	1912	
172010268	frbnf145162011	http://catalogue.bnf.fr/ark:/12148/cb145162014		Finchman	Leonard	19..	
175077436	frbnf148387038	http://catalogue.bnf.fr/ark:/12148/cb14838703m	0000000120369153	Raye	Don	1909	1985
176736506	frbnf139545101	http://catalogue.bnf.fr/ark:/12148/cb13954510t	0000000053393312	Tessier	Valentine	1892	1981
176952403	frbnf161452761	http://catalogue.bnf.fr/ark:/12148/cb161452760	0000000078523208	Fiona	Melanie	1983	
177276517	frbnf166557912	http://catalogue.bnf.fr/ark:/12148/cb16655791b	0000000132839204	Lacan	Chloé	1975	
178898414	frbnf13930059x	http://catalogue.bnf.fr/ark:/12148/cb13930059d	000000005934663X	Brady	Scott	1924	1985
182116581	frbnf138922389	http://catalogue.bnf.fr/ark:/12148/cb13892238j	0000000078385925	Cash	Rosanne	1955	
183357256				Levy	Hal	1916	1970
183374592				Jackson	George	1936	
183374851				Blackwell	Otis	1931	2002
187778612	frbnf138965472	http://catalogue.bnf.fr/ark:/12148/cb138965479	0000000083630294	Lennon	Julian	1963	
188323821	frbnf160893240	http://catalogue.bnf.fr/ark:/12148/cb16089324n		Kateb	Amal	19..	
193739062	frbnf170263966	http://catalogue.bnf.fr/ark:/12148/cb17026396p	000000040728291X	Ker	Nicolas	19..	
198354398				Arnal	Mélanie	19XX	....
198355394				Murcia	Jean-François	19XX	....
026759918	frbn000550193;frbn002077611;frbnf118946151	http://catalogue.bnf.fr/ark:/12148/cb118946156	0000000080960298	Burroughs	Edgar Rice	1875	1950
02677562X	frbn00058151x;frbn00389681x;frbnf118958463	http://catalogue.bnf.fr/ark:/12148/cb118958468	0000000121416951	Chabrol	Claude	1930	2010
02688867X	frbn000813819;frbn009185276;frbnf119046906	http://catalogue.bnf.fr/ark:/12148/cb119046908	0000000108591878	Gerber	Alain	1943	
027106306	frbn001296698;frbn002474837;frbnf119224127	http://catalogue.bnf.fr/ark:/12148/cb11922412v	000000012134031X	Rohmer	Éric	1920	2010
028292480	frbn002655321;frbnf120157782	http://catalogue.bnf.fr/ark:/12148/cb12015778q	0000000023925314	Gautherot	Franck		
028688392	frbn003461383;frbn000789211;frbnf119037330	http://catalogue.bnf.fr/ark:/12148/cb11903733g	0000000119532232	Fuller	Samuel	1912	1997
056539886	frbn002655314;frbnf126615254	http://catalogue.bnf.fr/ark:/12148/cb12661525p	0000000080966796	Douroux	Xavier	1956	2017
05771813X	frbn014955141;frbnf140186058	http://catalogue.bnf.fr/ark:/12148/cb140186057	0000000121305645	Copans	Richard	1947	
074059440				Flori	Jean-Jacques	19..	1997
081977255				O'Sullivan	Maureen	1911	1998
103610847				Théaudière	Philippe		
124834167	frbnf140074739	http://catalogue.bnf.fr/ark:/12148/cb14007473q	0000000116783044	Connolly	Myles	1897	1964
142933236				Sheffield	Johnny	1931	2010
142934534				Gangelin	Paul		
150364067				Creton	Claude		
033431965	frbn010654183;frbnf124297956	http://catalogue.bnf.fr/ark:/12148/cb124297955		Florey	Robert	1900	1979
034397132	frbn012573082;frbnf125156855	http://catalogue.bnf.fr/ark:/12148/cb12515685k	0000000109263024	Vercier	Bruno	1934	
052567125	frbn015043819;frbn01514152x;frbnf135969138	http://catalogue.bnf.fr/ark:/12148/cb13596913k	0000000118564697	Clarke	Charles Galloway	1899	1983
055667562				Day	Laraine	1920	2007
059176385				Stout	Archie	1886	1965
059341920				MacLane	Barton	1902	1969
059675098				Pantoliano	Joe	1951	
059739681				Hume	Benita	1906	1967
059760443				Conway	Tom		
060558334				Struss	Karl	1886	1981
061282928				Bickford	Charles	1892	1967
061332992				Harlan	Russell	1903	1974
069266484				McGuiness	James Kevin	1893	1950
071048995				Fitzgerald	Barry	1888	1961
074508326				Wild	Harry J.	1901	1961
078875528				Neumann	Kurt	1928	1999
08412122X	frbnf144155131	http://catalogue.bnf.fr/ark:/12148/cb14415513j	0000000080029938	Van Dyke	Woodbridge Strong	1889	1943
103771387				Draper	Jack	1892	1962
111175747				Anderson	Gilbert M.	1880	1971
111815452				Ridges	Stanley	1890	1951
114494258				Douglas	Donald	1905	1945
124365760				Dorn	Philip	1905	1975
13193998X				Thorpe	Richard	1896	1991
135486580				Wagner	Fernando	1906	1973
140311025				Smith	C. Aubrey	1863	1948
145753026				Imperioli	Michael	1966	
148100864				Kelly	Nancy	1921	1995
171164008				Hoey	Dennis		
176892389				Leigh	Rowland	1902	1963
180093347				Jacoby	John	1904	1963
183002733	frbnf14160026x	http://catalogue.bnf.fr/ark:/12148/cb14160026t		Buckler	John	1906	1936
183006828	frbnf140486027	http://catalogue.bnf.fr/ark:/12148/cb14048602t	0000000116287649	Gibbons	Cedric	1893	1960
183007069				Rogers	Howard Emmett	1890	1971
183072332	frbnf13991404x	http://catalogue.bnf.fr/ark:/12148/cb13991404q		Thiele	Wilhelm	1890	1975
060718234				Marchand	Pierre	1939	
NumNotice	FRBNF	ARK	Autres métadonnées...
058479791							
178595969						1970	
